83697731288019,1.0,0.0,-49.0,0.0,-72.0,-80.0,-76.0,0.0,-68.0,0.0,0.0,-69.0,0.0,0.0,-77.0,0.0,0.0,0.0,-51.0,-67.0,-67.0,0.0,-72.0,0.0,0.0,0.0,-67.0,0.0,0.0,-50.0,0.0,-77.0,0.0,-50.0,0.0,0.0,0.0,-79.0,-73.0,-72.0,0.0,-91.0,0.0,0.0,0.0,0.0,0.0,-51.0,0.0,-80.0,0.0,-71.0,-76.0,0.0,0.0,0.0,0.0,0.0,-80.0,-73.0,0.0,-80.0,-73.0,-76.0,0.0,-49.0,0.0,0.0,-52.0,0.0,0.0,0.0,0.0,0.0,-80.0,-81.0,0.0,-81.0
83700911441090,1.0,0.0,-50.0,0.0,-86.0,-81.0,-76.0,-46.0,-68.0,0.0,0.0,-69.0,0.0,0.0,-77.0,0.0,0.0,0.0,-46.0,-68.0,-67.0,0.0,-72.0,0.0,0.0,0.0,-69.0,0.0,0.0,-50.0,0.0,-77.0,0.0,-51.0,0.0,0.0,0.0,-79.0,-73.0,-72.0,0.0,-90.0,0.0,0.0,0.0,0.0,0.0,-46.0,0.0,-80.0,0.0,-71.0,-76.0,0.0,0.0,0.0,0.0,0.0,-80.0,-73.0,0.0,-80.0,-73.0,-73.0,0.0,-50.0,0.0,0.0,-51.0,0.0,0.0,0.0,0.0,0.0,-80.0,-81.0,0.0,-81.0
83701217532757,1.0,0.0,-50.0,0.0,-86.0,-81.0,-76.0,-46.0,-68.0,0.0,0.0,-69.0,0.0,0.0,-77.0,0.0,0.0,0.0,-46.0,-68.0,-67.0,0.0,-72.0,0.0,0.0,0.0,-69.0,0.0,0.0,-50.0,0.0,-77.0,0.0,-51.0,0.0,0.0,0.0,-79.0,-73.0,-72.0,0.0,-90.0,0.0,0.0,0.0,0.0,0.0,-46.0,0.0,-80.0,0.0,-71.0,-76.0,0.0,0.0,0.0,0.0,0.0,-80.0,-73.0,0.0,-80.0,-73.0,-73.0,0.0,-50.0,0.0,0.0,-52.0,0.0,0.0,0.0,0.0,0.0,-80.0,-81.0,0.0,-81.0
83701720496819,1.0,0.0,-50.0,0.0,-86.0,-81.0,-76.0,-46.0,-68.0,0.0,0.0,-69.0,0.0,0.0,-77.0,0.0,0.0,0.0,-46.0,-68.0,-67.0,0.0,-72.0,0.0,0.0,0.0,-69.0,0.0,0.0,-50.0,0.0,-77.0,0.0,-51.0,0.0,0.0,0.0,-79.0,-73.0,-72.0,0.0,-90.0,0.0,0.0,0.0,0.0,0.0,-46.0,0.0,-80.0,0.0,-71.0,-76.0,0.0,0.0,0.0,0.0,0.0,-80.0,-73.0,0.0,-80.0,-73.0,-73.0,0.0,-50.0,0.0,0.0,-51.0,0.0,0.0,0.0,0.0,0.0,-80.0,-81.0,0.0,-81.0
83702223178225,1.0,0.0,-50.0,0.0,-86.0,-81.0,-76.0,-46.0,-68.0,0.0,0.0,-69.0,0.0,0.0,-77.0,0.0,0.0,0.0,-46.0,-68.0,-67.0,0.0,-72.0,0.0,0.0,0.0,-69.0,0.0,0.0,-50.0,0.0,-77.0,0.0,-51.0,0.0,0.0,0.0,-79.0,-73.0,-72.0,0.0,-90.0,0.0,0.0,0.0,0.0,0.0,-46.0,0.0,-80.0,0.0,-71.0,-76.0,0.0,0.0,0.0,0.0,0.0,-80.0,-73.0,0.0,-80.0,-73.0,-73.0,0.0,-50.0,0.0,0.0,-50.0,0.0,0.0,0.0,0.0,0.0,-80.0,-81.0,0.0,-81.0
83702718216246,1.0,0.0,-50.0,0.0,-86.0,-81.0,-76.0,-46.0,-68.0,0.0,0.0,-69.0,0.0,0.0,-77.0,0.0,0.0,0.0,-46.0,-68.0,-67.0,0.0,-72.0,0.0,0.0,0.0,-69.0,0.0,0.0,-50.0,0.0,-77.0,0.0,-51.0,0.0,0.0,0.0,-79.0,-73.0,-72.0,0.0,-90.0,0.0,0.0,0.0,0.0,0.0,-46.0,0.0,-80.0,0.0,-71.0,-76.0,0.0,0.0,0.0,0.0,0.0,-80.0,-73.0,0.0,-80.0,-73.0,-73.0,0.0,-50.0,0.0,0.0,-49.0,0.0,0.0,0.0,0.0,0.0,-80.0,-81.0,0.0,-81.0
83705789320151,1.0,0.0,-53.0,0.0,-86.0,-81.0,-76.0,-46.0,-64.0,0.0,0.0,-69.0,-90.0,0.0,-77.0,0.0,0.0,0.0,-48.0,-64.0,-67.0,0.0,-72.0,0.0,0.0,0.0,-65.0,0.0,0.0,-50.0,0.0,-77.0,0.0,-53.0,0.0,0.0,0.0,-79.0,-73.0,-72.0,0.0,-88.0,0.0,0.0,0.0,0.0,0.0,-48.0,0.0,-80.0,0.0,-71.0,-76.0,0.0,0.0,0.0,0.0,0.0,-80.0,-73.0,0.0,-80.0,-73.0,-73.0,0.0,-50.0,0.0,0.0,-51.0,0.0,0.0,0.0,0.0,0.0,-80.0,-81.0,0.0,-81.0
83706228314942,1.0,0.0,-53.0,0.0,-86.0,-81.0,-76.0,-46.0,-64.0,0.0,0.0,-69.0,-90.0,0.0,-77.0,0.0,0.0,0.0,-48.0,-64.0,-67.0,0.0,-72.0,0.0,0.0,0.0,-65.0,0.0,0.0,-50.0,0.0,-77.0,0.0,-53.0,0.0,0.0,0.0,-79.0,-73.0,-72.0,0.0,-88.0,0.0,0.0,0.0,0.0,0.0,-48.0,0.0,-80.0,0.0,-71.0,-76.0,0.0,0.0,0.0,0.0,0.0,-80.0,-73.0,0.0,-80.0,-73.0,-73.0,0.0,-50.0,0.0,0.0,-49.0,0.0,0.0,0.0,0.0,0.0,-80.0,-79.0,0.0,-81.0
83706738999213,1.0,0.0,-53.0,0.0,-86.0,-81.0,-76.0,-46.0,-64.0,0.0,0.0,-69.0,-90.0,0.0,-77.0,0.0,0.0,0.0,-48.0,-64.0,-67.0,0.0,-72.0,0.0,0.0,0.0,-65.0,0.0,0.0,-50.0,0.0,-77.0,0.0,-53.0,0.0,0.0,0.0,-79.0,-73.0,-72.0,0.0,-88.0,0.0,0.0,0.0,0.0,0.0,-48.0,0.0,-80.0,0.0,-71.0,-76.0,0.0,0.0,0.0,0.0,0.0,-80.0,-73.0,0.0,-80.0,-73.0,-73.0,0.0,-50.0,0.0,0.0,-49.0,0.0,0.0,0.0,0.0,0.0,-80.0,-79.0,0.0,-81.0
83707224016036,1.0,0.0,-53.0,0.0,-86.0,-81.0,-76.0,-46.0,-64.0,0.0,0.0,-69.0,-90.0,0.0,-77.0,0.0,0.0,0.0,-48.0,-64.0,-67.0,0.0,-72.0,0.0,0.0,0.0,-65.0,0.0,0.0,-50.0,0.0,-77.0,0.0,-53.0,0.0,0.0,0.0,-79.0,-73.0,-72.0,0.0,-88.0,0.0,0.0,0.0,0.0,0.0,-48.0,0.0,-80.0,0.0,-71.0,-76.0,0.0,0.0,0.0,0.0,0.0,-80.0,-73.0,0.0,-80.0,-73.0,-73.0,0.0,-50.0,0.0,0.0,-50.0,0.0,0.0,0.0,0.0,0.0,-80.0,-79.0,0.0,-81.0
83707744910984,1.0,0.0,-53.0,0.0,-86.0,-81.0,-76.0,-46.0,-64.0,0.0,0.0,-69.0,-90.0,0.0,-77.0,0.0,0.0,0.0,-48.0,-64.0,-67.0,0.0,-72.0,0.0,0.0,0.0,-65.0,0.0,0.0,-50.0,0.0,-77.0,0.0,-53.0,0.0,0.0,0.0,-79.0,-73.0,-72.0,0.0,-88.0,0.0,0.0,0.0,0.0,0.0,-48.0,0.0,-80.0,0.0,-71.0,-76.0,0.0,0.0,0.0,0.0,0.0,-80.0,-73.0,0.0,-80.0,-73.0,-73.0,0.0,-50.0,0.0,0.0,-53.0,0.0,0.0,0.0,0.0,0.0,-80.0,-79.0,0.0,-81.0
83711095574368,1.0,0.0,-53.0,0.0,-86.0,-55.0,0.0,-65.0,-64.0,-78.0,-79.0,-74.0,-76.0,0.0,-77.0,-79.0,0.0,0.0,-56.0,-64.0,-67.0,0.0,-72.0,-73.0,0.0,0.0,-65.0,-75.0,0.0,-50.0,0.0,-77.0,-76.0,-62.0,0.0,0.0,0.0,-79.0,-61.0,-72.0,-72.0,-80.0,-77.0,0.0,0.0,0.0,0.0,-56.0,0.0,-57.0,0.0,-71.0,-76.0,0.0,0.0,-66.0,0.0,-88.0,-80.0,-61.0,0.0,-57.0,-61.0,-73.0,-76.0,-50.0,0.0,0.0,-55.0,-77.0,0.0,0.0,0.0,0.0,-80.0,-79.0,-76.0,-81.0
83711268945774,1.0,0.0,-53.0,0.0,-86.0,-55.0,0.0,-65.0,-64.0,-78.0,-79.0,-74.0,-76.0,0.0,-77.0,-79.0,0.0,0.0,-56.0,-64.0,-67.0,0.0,-72.0,-73.0,0.0,0.0,-65.0,-75.0,0.0,-50.0,0.0,-77.0,-76.0,-62.0,0.0,0.0,0.0,-79.0,-61.0,-72.0,-72.0,-80.0,-77.0,0.0,0.0,0.0,0.0,-56.0,0.0,-57.0,0.0,-71.0,-76.0,0.0,0.0,-66.0,0.0,-88.0,-80.0,-61.0,0.0,-57.0,-61.0,-73.0,-76.0,-50.0,0.0,0.0,-56.0,-77.0,0.0,0.0,0.0,0.0,-80.0,-79.0,-76.0,-81.0
83711751302024,1.0,0.0,-53.0,0.0,-86.0,-55.0,0.0,-65.0,-64.0,-78.0,-79.0,-74.0,-76.0,0.0,-77.0,-79.0,0.0,0.0,-56.0,-64.0,-67.0,0.0,-72.0,-73.0,0.0,0.0,-65.0,-75.0,0.0,-50.0,0.0,-77.0,-76.0,-62.0,0.0,0.0,0.0,-79.0,-61.0,-72.0,-72.0,-80.0,-77.0,0.0,0.0,0.0,0.0,-56.0,0.0,-57.0,0.0,-71.0,-76.0,0.0,0.0,-66.0,0.0,-88.0,-80.0,-61.0,0.0,-57.0,-61.0,-73.0,-76.0,-50.0,0.0,0.0,-59.0,-77.0,0.0,0.0,0.0,0.0,-80.0,-79.0,-76.0,-81.0
83712262652857,1.0,0.0,-53.0,0.0,-86.0,-55.0,0.0,-65.0,-64.0,-78.0,-79.0,-74.0,-76.0,0.0,-77.0,-79.0,0.0,0.0,-56.0,-64.0,-67.0,0.0,-72.0,-73.0,0.0,0.0,-65.0,-75.0,0.0,-50.0,0.0,-77.0,-76.0,-62.0,0.0,0.0,0.0,-79.0,-61.0,-72.0,-72.0,-80.0,-77.0,0.0,0.0,0.0,0.0,-56.0,0.0,-57.0,0.0,-71.0,-76.0,0.0,0.0,-66.0,0.0,-88.0,-80.0,-61.0,0.0,-57.0,-61.0,-73.0,-76.0,-50.0,0.0,0.0,-63.0,-77.0,0.0,0.0,0.0,0.0,-80.0,-79.0,-76.0,-81.0
83712756923013,1.0,0.0,-53.0,0.0,-86.0,-55.0,0.0,-65.0,-64.0,-78.0,-79.0,-74.0,-76.0,0.0,-77.0,-79.0,0.0,0.0,-56.0,-64.0,-67.0,0.0,-72.0,-73.0,0.0,0.0,-65.0,-75.0,0.0,-50.0,0.0,-77.0,-76.0,-62.0,0.0,0.0,0.0,-79.0,-61.0,-72.0,-72.0,-80.0,-77.0,0.0,0.0,0.0,0.0,-56.0,0.0,-57.0,0.0,-71.0,-76.0,0.0,0.0,-66.0,0.0,-88.0,-80.0,-61.0,0.0,-57.0,-61.0,-73.0,-76.0,-50.0,0.0,0.0,-66.0,-77.0,0.0,0.0,0.0,0.0,-80.0,-79.0,-76.0,-81.0
83715941591189,1.0,0.0,-53.0,0.0,-86.0,-49.0,0.0,-65.0,-64.0,-78.0,-76.0,-74.0,-76.0,-89.0,-77.0,-79.0,0.0,0.0,-56.0,-64.0,-67.0,-81.0,-72.0,-91.0,-61.0,-69.0,-65.0,-75.0,-63.0,-50.0,0.0,-77.0,-76.0,-62.0,0.0,0.0,-74.0,-79.0,-49.0,-72.0,-72.0,-80.0,-77.0,-74.0,0.0,0.0,0.0,-56.0,0.0,-49.0,-82.0,-71.0,-76.0,0.0,-90.0,-61.0,0.0,-88.0,-80.0,-49.0,-61.0,-49.0,-49.0,-73.0,-76.0,-50.0,-80.0,-82.0,-56.0,-78.0,0.0,0.0,-75.0,0.0,-80.0,-79.0,-76.0,-81.0
83716288297178,1.0,0.0,-53.0,0.0,-86.0,-49.0,0.0,-65.0,-64.0,-78.0,-76.0,-74.0,-76.0,-89.0,0.0,-79.0,0.0,0.0,-56.0,-64.0,0.0,-81.0,0.0,-91.0,-61.0,-69.0,-65.0,-75.0,-63.0,-50.0,0.0,0.0,-76.0,-62.0,0.0,0.0,-74.0,0.0,-49.0,0.0,-72.0,-80.0,-77.0,-74.0,0.0,0.0,0.0,-56.0,0.0,-49.0,-82.0,0.0,0.0,0.0,-90.0,-61.0,0.0,-88.0,0.0,-49.0,-61.0,-49.0,-49.0,0.0,-76.0,-50.0,-80.0,-82.0,-71.0,-78.0,0.0,0.0,-75.0,0.0,0.0,0.0,-76.0,-51.0
83716772475251,1.0,0.0,-53.0,0.0,-86.0,-49.0,0.0,-65.0,-64.0,-78.0,-76.0,-74.0,-76.0,-89.0,0.0,-79.0,0.0,0.0,-56.0,-64.0,0.0,-81.0,0.0,-91.0,-61.0,-69.0,-65.0,-75.0,-63.0,-50.0,0.0,0.0,-76.0,-62.0,0.0,0.0,-74.0,0.0,-49.0,0.0,-72.0,-80.0,-77.0,-74.0,0.0,0.0,0.0,-56.0,0.0,-49.0,-82.0,0.0,0.0,0.0,-90.0,-61.0,0.0,-88.0,0.0,-49.0,-61.0,-49.0,-49.0,0.0,-76.0,-50.0,-80.0,-82.0,-71.0,-78.0,0.0,0.0,-75.0,0.0,0.0,0.0,-76.0,-51.0
83717281205407,1.0,0.0,-53.0,0.0,-86.0,-49.0,0.0,-65.0,-64.0,-78.0,-76.0,-74.0,-76.0,-89.0,0.0,-79.0,0.0,0.0,-56.0,-64.0,0.0,-81.0,0.0,-91.0,-61.0,-69.0,-65.0,-75.0,-63.0,-50.0,0.0,0.0,-76.0,-62.0,0.0,0.0,-74.0,0.0,-49.0,0.0,-72.0,-80.0,-77.0,-74.0,0.0,0.0,0.0,-56.0,0.0,-49.0,-82.0,0.0,0.0,0.0,-90.0,-61.0,0.0,-88.0,0.0,-49.0,-61.0,-49.0,-49.0,0.0,-76.0,-50.0,-80.0,-82.0,-72.0,-78.0,0.0,0.0,-75.0,0.0,0.0,0.0,-76.0,-51.0
83717769944521,1.0,0.0,-53.0,0.0,-86.0,-49.0,0.0,-65.0,-64.0,-78.0,-76.0,-74.0,-76.0,-89.0,0.0,-79.0,0.0,0.0,-56.0,-64.0,0.0,-81.0,0.0,-91.0,-61.0,-69.0,-65.0,-75.0,-63.0,-50.0,0.0,0.0,-76.0,-62.0,0.0,0.0,-74.0,0.0,-49.0,0.0,-72.0,-80.0,-77.0,-74.0,0.0,0.0,0.0,-56.0,0.0,-49.0,-82.0,0.0,0.0,0.0,-90.0,-61.0,0.0,-88.0,0.0,-49.0,-61.0,-49.0,-49.0,0.0,-76.0,-50.0,-80.0,-82.0,-71.0,-78.0,0.0,0.0,-75.0,0.0,0.0,0.0,-76.0,-51.0
83720886103426,1.0,0.0,-77.0,0.0,-86.0,-59.0,0.0,-67.0,-64.0,-78.0,-76.0,-74.0,-76.0,-89.0,0.0,-79.0,0.0,0.0,-65.0,-64.0,0.0,-81.0,0.0,-91.0,-61.0,-69.0,-65.0,-75.0,-63.0,-50.0,0.0,0.0,-76.0,-62.0,0.0,0.0,-74.0,0.0,-49.0,0.0,-72.0,-80.0,-77.0,-74.0,0.0,0.0,0.0,-66.0,0.0,-59.0,-82.0,0.0,0.0,0.0,-90.0,-81.0,0.0,-88.0,0.0,-49.0,-61.0,-58.0,-49.0,0.0,-76.0,-67.0,-80.0,-82.0,-71.0,-78.0,0.0,0.0,-75.0,0.0,0.0,0.0,-76.0,-60.0
83721291953114,1.0,0.0,-77.0,0.0,0.0,-59.0,0.0,-67.0,-64.0,-78.0,-76.0,-74.0,-76.0,-89.0,0.0,-79.0,0.0,0.0,-65.0,-64.0,0.0,-81.0,0.0,-91.0,-61.0,-69.0,-65.0,-75.0,-63.0,0.0,0.0,0.0,-76.0,-62.0,0.0,0.0,-74.0,0.0,-49.0,0.0,-72.0,-80.0,-77.0,-74.0,0.0,0.0,0.0,-66.0,0.0,-59.0,-82.0,0.0,0.0,0.0,-90.0,-81.0,0.0,-88.0,0.0,-49.0,-61.0,-58.0,-49.0,0.0,-76.0,-67.0,-80.0,-82.0,-67.0,-78.0,0.0,0.0,-75.0,0.0,0.0,0.0,-76.0,-60.0
83721791341968,1.0,0.0,-77.0,0.0,0.0,-59.0,0.0,-67.0,-64.0,-78.0,-76.0,-74.0,-76.0,-89.0,0.0,-79.0,0.0,0.0,-65.0,-64.0,0.0,-81.0,0.0,-91.0,-61.0,-69.0,-65.0,-75.0,-63.0,0.0,0.0,0.0,-76.0,-62.0,0.0,0.0,-74.0,0.0,-49.0,0.0,-72.0,-80.0,-77.0,-74.0,0.0,0.0,0.0,-66.0,0.0,-59.0,-82.0,0.0,0.0,0.0,-90.0,-81.0,0.0,-88.0,0.0,-49.0,-61.0,-58.0,-49.0,0.0,-76.0,-67.0,-80.0,-82.0,-66.0,-78.0,0.0,0.0,-75.0,0.0,0.0,0.0,-76.0,-60.0
83722299478895,1.0,0.0,-77.0,0.0,0.0,-59.0,0.0,-67.0,-64.0,-78.0,-76.0,-74.0,-76.0,-89.0,0.0,-79.0,0.0,0.0,-65.0,-64.0,0.0,-81.0,0.0,-91.0,-61.0,-69.0,-65.0,-75.0,-63.0,0.0,0.0,0.0,-76.0,-62.0,0.0,0.0,-74.0,0.0,-49.0,0.0,-72.0,-80.0,-77.0,-74.0,0.0,0.0,0.0,-66.0,0.0,-59.0,-82.0,0.0,0.0,0.0,-90.0,-81.0,0.0,-88.0,0.0,-49.0,-61.0,-58.0,-49.0,0.0,-76.0,-67.0,-80.0,-82.0,-63.0,-78.0,0.0,0.0,-75.0,0.0,0.0,0.0,-76.0,-60.0
83722793777540,1.0,0.0,-77.0,0.0,0.0,-59.0,0.0,-67.0,-64.0,-78.0,-76.0,-74.0,-76.0,-89.0,0.0,-79.0,0.0,0.0,-65.0,-64.0,0.0,-81.0,0.0,-91.0,-61.0,-69.0,-65.0,-75.0,-63.0,0.0,0.0,0.0,-76.0,-62.0,0.0,0.0,-74.0,0.0,-49.0,0.0,-72.0,-80.0,-77.0,-74.0,0.0,0.0,0.0,-66.0,0.0,-59.0,-82.0,0.0,0.0,0.0,-90.0,-81.0,0.0,-88.0,0.0,-49.0,-61.0,-58.0,-49.0,0.0,-76.0,-67.0,-80.0,-82.0,-61.0,-78.0,0.0,0.0,-75.0,0.0,0.0,0.0,-76.0,-60.0
83726034302383,1.0,0.0,-77.0,0.0,0.0,-59.0,0.0,-67.0,-64.0,-78.0,-76.0,-74.0,-76.0,-77.0,0.0,-79.0,0.0,0.0,-57.0,-64.0,0.0,-81.0,0.0,-91.0,-61.0,-69.0,-65.0,-75.0,-63.0,0.0,0.0,0.0,-76.0,-62.0,-76.0,0.0,-74.0,0.0,-49.0,0.0,-72.0,-80.0,-77.0,-74.0,0.0,0.0,0.0,-58.0,0.0,-59.0,-82.0,0.0,0.0,-76.0,-90.0,-81.0,0.0,-88.0,0.0,-49.0,-61.0,-58.0,-49.0,0.0,-76.0,-67.0,-80.0,-82.0,-70.0,-78.0,0.0,0.0,-75.0,0.0,0.0,0.0,-76.0,-60.0
83726296491237,1.0,0.0,-77.0,0.0,0.0,-59.0,0.0,-67.0,0.0,-78.0,-76.0,-74.0,-76.0,-77.0,0.0,-79.0,0.0,0.0,-57.0,0.0,0.0,-81.0,0.0,-91.0,-61.0,-69.0,0.0,-75.0,-63.0,0.0,0.0,0.0,-76.0,-62.0,-76.0,0.0,-74.0,0.0,-49.0,0.0,-72.0,-80.0,-77.0,-74.0,0.0,0.0,0.0,-58.0,0.0,-59.0,-82.0,0.0,0.0,-76.0,-90.0,-81.0,0.0,-88.0,0.0,-49.0,-61.0,-58.0,-49.0,0.0,-76.0,-67.0,-80.0,-82.0,-59.0,-78.0,0.0,0.0,-75.0,0.0,0.0,0.0,-76.0,-60.0
83726806622070,1.0,0.0,-77.0,0.0,0.0,-59.0,0.0,-67.0,0.0,-78.0,-76.0,-74.0,-76.0,-77.0,0.0,-79.0,0.0,0.0,-57.0,0.0,0.0,-81.0,0.0,-91.0,-61.0,-69.0,0.0,-75.0,-63.0,0.0,0.0,0.0,-76.0,-62.0,-76.0,0.0,-74.0,0.0,-49.0,0.0,-72.0,-80.0,-77.0,-74.0,0.0,0.0,0.0,-58.0,0.0,-59.0,-82.0,0.0,0.0,-76.0,-90.0,-81.0,0.0,-88.0,0.0,-49.0,-61.0,-58.0,-49.0,0.0,-76.0,-67.0,-80.0,-82.0,-57.0,-78.0,0.0,0.0,-75.0,0.0,0.0,0.0,-76.0,-60.0
83727311182070,1.0,0.0,-77.0,0.0,0.0,-59.0,0.0,-67.0,0.0,-78.0,-76.0,-74.0,-76.0,-77.0,0.0,-79.0,0.0,0.0,-57.0,0.0,0.0,-81.0,0.0,-91.0,-61.0,-69.0,0.0,-75.0,-63.0,0.0,0.0,0.0,-76.0,-62.0,-76.0,0.0,-74.0,0.0,-49.0,0.0,-72.0,-80.0,-77.0,-74.0,0.0,0.0,0.0,-58.0,0.0,-59.0,-82.0,0.0,0.0,-76.0,-90.0,-81.0,0.0,-88.0,0.0,-49.0,-61.0,-58.0,-49.0,0.0,-76.0,-67.0,-80.0,-82.0,-56.0,-78.0,0.0,0.0,-75.0,0.0,0.0,0.0,-76.0,-60.0
83727797081445,1.0,0.0,-77.0,0.0,0.0,-59.0,0.0,-67.0,0.0,-78.0,-76.0,-74.0,-76.0,-77.0,0.0,-79.0,0.0,0.0,-57.0,0.0,0.0,-81.0,0.0,-91.0,-61.0,-69.0,0.0,-75.0,-63.0,0.0,0.0,0.0,-76.0,-62.0,-76.0,0.0,-74.0,0.0,-49.0,0.0,-72.0,-80.0,-77.0,-74.0,0.0,0.0,0.0,-58.0,0.0,-59.0,-82.0,0.0,0.0,-76.0,-90.0,-81.0,0.0,-88.0,0.0,-49.0,-61.0,-58.0,-49.0,0.0,-76.0,-67.0,-80.0,-82.0,-55.0,-78.0,0.0,0.0,-75.0,0.0,0.0,0.0,-76.0,-60.0
83731266819412,1.0,0.0,-57.0,0.0,0.0,-59.0,0.0,-67.0,-75.0,0.0,-76.0,-74.0,0.0,-77.0,0.0,0.0,0.0,0.0,-47.0,-77.0,-77.0,-81.0,0.0,-91.0,-61.0,-69.0,-78.0,0.0,-63.0,-51.0,0.0,0.0,0.0,0.0,-76.0,0.0,-74.0,-75.0,-49.0,0.0,0.0,0.0,0.0,-74.0,0.0,0.0,0.0,-47.0,0.0,-59.0,-82.0,0.0,0.0,-76.0,-90.0,-81.0,0.0,0.0,-76.0,-49.0,-61.0,-58.0,-49.0,0.0,0.0,-55.0,-80.0,-82.0,-53.0,-78.0,0.0,0.0,-75.0,0.0,-75.0,-75.0,0.0,-60.0
83731348745714,1.0,0.0,-57.0,0.0,0.0,-59.0,0.0,-67.0,-75.0,0.0,-76.0,-74.0,0.0,-77.0,0.0,0.0,0.0,0.0,-47.0,-77.0,-77.0,-81.0,0.0,-91.0,-61.0,-69.0,-78.0,0.0,-63.0,-51.0,0.0,0.0,0.0,0.0,-76.0,0.0,-74.0,-75.0,-49.0,0.0,0.0,0.0,0.0,-74.0,0.0,0.0,0.0,-47.0,0.0,-59.0,-82.0,0.0,0.0,-76.0,-90.0,-81.0,0.0,0.0,-76.0,-49.0,-61.0,-58.0,-49.0,0.0,0.0,-55.0,-80.0,-82.0,-52.0,-78.0,0.0,0.0,-75.0,0.0,-75.0,-75.0,0.0,-60.0
83731812837276,1.0,0.0,-57.0,0.0,0.0,-59.0,0.0,-67.0,-75.0,0.0,-76.0,-74.0,0.0,-77.0,0.0,0.0,0.0,0.0,-47.0,-77.0,-77.0,-81.0,0.0,-91.0,-61.0,-69.0,-78.0,0.0,-63.0,-51.0,0.0,0.0,0.0,0.0,-76.0,0.0,-74.0,-75.0,-49.0,0.0,0.0,0.0,0.0,-74.0,0.0,0.0,0.0,-47.0,0.0,-59.0,-82.0,0.0,0.0,-76.0,-90.0,-81.0,0.0,0.0,-76.0,-49.0,-61.0,-58.0,-49.0,0.0,0.0,-55.0,-80.0,-82.0,-49.0,-78.0,0.0,0.0,-75.0,0.0,-75.0,-75.0,0.0,-60.0
83732315914568,1.0,0.0,-57.0,0.0,0.0,-59.0,0.0,-67.0,-75.0,0.0,-76.0,-74.0,0.0,-77.0,0.0,0.0,0.0,0.0,-47.0,-77.0,-77.0,-81.0,0.0,-91.0,-61.0,-69.0,-78.0,0.0,-63.0,-51.0,0.0,0.0,0.0,0.0,-76.0,0.0,-74.0,-75.0,-49.0,0.0,0.0,0.0,0.0,-74.0,0.0,0.0,0.0,-47.0,0.0,-59.0,-82.0,0.0,0.0,-76.0,-90.0,-81.0,0.0,0.0,-76.0,-49.0,-61.0,-58.0,-49.0,0.0,0.0,-55.0,-80.0,-82.0,-46.0,-78.0,0.0,0.0,-75.0,0.0,-75.0,-75.0,0.0,-60.0
83732813434151,1.0,0.0,-57.0,0.0,0.0,-59.0,0.0,-67.0,-75.0,0.0,-76.0,-74.0,0.0,-77.0,0.0,0.0,0.0,0.0,-47.0,-77.0,-77.0,-81.0,0.0,-91.0,-61.0,-69.0,-78.0,0.0,-63.0,-51.0,0.0,0.0,0.0,0.0,-76.0,0.0,-74.0,-75.0,-49.0,0.0,0.0,0.0,0.0,-74.0,0.0,0.0,0.0,-47.0,0.0,-59.0,-82.0,0.0,0.0,-76.0,-90.0,-81.0,0.0,0.0,-76.0,-49.0,-61.0,-58.0,-49.0,0.0,0.0,-55.0,-80.0,-82.0,-43.0,-78.0,0.0,0.0,-75.0,0.0,-75.0,-75.0,0.0,-60.0
83736098716962,1.0,0.0,-46.0,0.0,-76.0,-75.0,0.0,-67.0,-75.0,0.0,-76.0,-58.0,0.0,-77.0,0.0,0.0,0.0,0.0,-41.0,-74.0,-77.0,-81.0,0.0,-91.0,-61.0,-69.0,-75.0,0.0,-63.0,-45.0,0.0,-75.0,0.0,-44.0,-76.0,0.0,-74.0,-77.0,-74.0,0.0,0.0,-90.0,0.0,-74.0,0.0,0.0,0.0,-41.0,0.0,-75.0,-82.0,-76.0,0.0,-76.0,-90.0,-81.0,0.0,0.0,-78.0,-49.0,-61.0,-58.0,-49.0,0.0,0.0,-46.0,-80.0,-82.0,-53.0,-78.0,0.0,0.0,-75.0,0.0,-75.0,-77.0,0.0,-80.0
83736315584410,1.0,0.0,-46.0,0.0,-76.0,-75.0,0.0,-41.0,-75.0,0.0,0.0,-58.0,0.0,-77.0,0.0,0.0,0.0,0.0,-41.0,-74.0,-77.0,0.0,0.0,0.0,0.0,0.0,-75.0,0.0,0.0,-45.0,0.0,-75.0,0.0,-44.0,-76.0,0.0,0.0,-77.0,-74.0,0.0,0.0,-90.0,0.0,0.0,0.0,0.0,0.0,-41.0,0.0,-75.0,0.0,-76.0,0.0,-76.0,0.0,-81.0,0.0,0.0,-78.0,0.0,0.0,-58.0,0.0,0.0,0.0,-46.0,0.0,0.0,-38.0,0.0,0.0,0.0,0.0,0.0,-75.0,-77.0,0.0,-80.0
83736814831337,1.0,0.0,-46.0,0.0,-76.0,-75.0,0.0,-41.0,-75.0,0.0,0.0,-58.0,0.0,-77.0,0.0,0.0,0.0,0.0,-41.0,-74.0,-77.0,0.0,0.0,0.0,0.0,0.0,-75.0,0.0,0.0,-45.0,0.0,-75.0,0.0,-44.0,-76.0,0.0,0.0,-77.0,-74.0,0.0,0.0,-90.0,0.0,0.0,0.0,0.0,0.0,-41.0,0.0,-75.0,0.0,-76.0,0.0,-76.0,0.0,-81.0,0.0,0.0,-78.0,0.0,0.0,-58.0,0.0,0.0,0.0,-46.0,0.0,0.0,-39.0,0.0,0.0,0.0,0.0,0.0,-75.0,-77.0,0.0,-80.0
83737321889826,1.0,0.0,-46.0,0.0,-76.0,-75.0,0.0,-41.0,-75.0,0.0,0.0,-58.0,0.0,-77.0,0.0,0.0,0.0,0.0,-41.0,-74.0,-77.0,0.0,0.0,0.0,0.0,0.0,-75.0,0.0,0.0,-45.0,0.0,-75.0,0.0,-44.0,-76.0,0.0,0.0,-77.0,-74.0,0.0,0.0,-90.0,0.0,0.0,0.0,0.0,0.0,-41.0,0.0,-75.0,0.0,-76.0,0.0,-76.0,0.0,-81.0,0.0,0.0,-78.0,0.0,0.0,-58.0,0.0,0.0,0.0,-46.0,0.0,0.0,-41.0,0.0,0.0,0.0,0.0,0.0,-75.0,-77.0,0.0,-80.0
83737815206910,1.0,0.0,-46.0,0.0,-76.0,-75.0,0.0,-41.0,-75.0,0.0,0.0,-58.0,0.0,-77.0,0.0,0.0,0.0,0.0,-41.0,-74.0,-77.0,0.0,0.0,0.0,0.0,0.0,-75.0,0.0,0.0,-45.0,0.0,-75.0,0.0,-44.0,-76.0,0.0,0.0,-77.0,-74.0,0.0,0.0,-90.0,0.0,0.0,0.0,0.0,0.0,-41.0,0.0,-75.0,0.0,-76.0,0.0,-76.0,0.0,-81.0,0.0,0.0,-78.0,0.0,0.0,-58.0,0.0,0.0,0.0,-46.0,0.0,0.0,-42.0,0.0,0.0,0.0,0.0,0.0,-75.0,-77.0,0.0,-80.0
83751849459665,1.0,0.0,-49.0,0.0,-74.0,-75.0,0.0,-53.0,-67.0,0.0,0.0,-59.0,0.0,-77.0,0.0,0.0,0.0,0.0,-49.0,-66.0,-77.0,0.0,0.0,0.0,0.0,0.0,-67.0,0.0,0.0,-49.0,0.0,-75.0,0.0,-48.0,-76.0,0.0,0.0,-77.0,-77.0,-74.0,0.0,-86.0,0.0,0.0,0.0,0.0,0.0,-49.0,0.0,-75.0,0.0,-74.0,0.0,-76.0,0.0,0.0,0.0,0.0,-78.0,-78.0,0.0,0.0,0.0,0.0,0.0,-49.0,0.0,0.0,-46.0,0.0,0.0,0.0,0.0,0.0,-75.0,-77.0,0.0,-80.0
83752199599144,1.0,0.0,-49.0,0.0,-74.0,-75.0,0.0,-53.0,-67.0,0.0,0.0,-59.0,0.0,0.0,0.0,0.0,0.0,0.0,-49.0,-66.0,-67.0,0.0,0.0,0.0,0.0,0.0,-67.0,0.0,0.0,-49.0,0.0,-75.0,0.0,-48.0,0.0,0.0,0.0,-77.0,-77.0,-74.0,0.0,-86.0,0.0,0.0,0.0,0.0,0.0,-49.0,0.0,-75.0,0.0,-74.0,0.0,0.0,0.0,0.0,0.0,0.0,-78.0,-78.0,0.0,0.0,0.0,0.0,0.0,-49.0,0.0,0.0,-45.0,0.0,0.0,0.0,0.0,0.0,-75.0,-77.0,0.0,-80.0
83752701069664,1.0,0.0,-49.0,0.0,-74.0,-75.0,0.0,-53.0,-67.0,0.0,0.0,-59.0,0.0,0.0,0.0,0.0,0.0,0.0,-49.0,-66.0,-67.0,0.0,0.0,0.0,0.0,0.0,-67.0,0.0,0.0,-49.0,0.0,-75.0,0.0,-48.0,0.0,0.0,0.0,-77.0,-77.0,-74.0,0.0,-86.0,0.0,0.0,0.0,0.0,0.0,-49.0,0.0,-75.0,0.0,-74.0,0.0,0.0,0.0,0.0,0.0,0.0,-78.0,-78.0,0.0,0.0,0.0,0.0,0.0,-49.0,0.0,0.0,-44.0,0.0,0.0,0.0,0.0,0.0,-75.0,-77.0,0.0,-80.0
83753207476747,1.0,0.0,-49.0,0.0,-74.0,-75.0,0.0,-53.0,-67.0,0.0,0.0,-59.0,0.0,0.0,0.0,0.0,0.0,0.0,-49.0,-66.0,-67.0,0.0,0.0,0.0,0.0,0.0,-67.0,0.0,0.0,-49.0,0.0,-75.0,0.0,-48.0,0.0,0.0,0.0,-77.0,-77.0,-74.0,0.0,-86.0,0.0,0.0,0.0,0.0,0.0,-49.0,0.0,-75.0,0.0,-74.0,0.0,0.0,0.0,0.0,0.0,0.0,-78.0,-78.0,0.0,0.0,0.0,0.0,0.0,-49.0,0.0,0.0,-44.0,0.0,0.0,0.0,0.0,0.0,-75.0,-77.0,0.0,-80.0
83753712194143,1.0,0.0,-49.0,0.0,-74.0,-75.0,0.0,-53.0,-67.0,0.0,0.0,-59.0,0.0,0.0,0.0,0.0,0.0,0.0,-49.0,-66.0,-67.0,0.0,0.0,0.0,0.0,0.0,-67.0,0.0,0.0,-49.0,0.0,-75.0,0.0,-48.0,0.0,0.0,0.0,-77.0,-77.0,-74.0,0.0,-86.0,0.0,0.0,0.0,0.0,0.0,-49.0,0.0,-75.0,0.0,-74.0,0.0,0.0,0.0,0.0,0.0,0.0,-78.0,-78.0,0.0,0.0,0.0,0.0,0.0,-49.0,0.0,0.0,-44.0,0.0,0.0,0.0,0.0,0.0,-75.0,-77.0,0.0,-80.0
83756960420027,1.0,0.0,-49.0,0.0,-74.0,-80.0,0.0,-53.0,-69.0,0.0,0.0,-59.0,0.0,0.0,0.0,0.0,0.0,0.0,-47.0,-69.0,-72.0,0.0,0.0,0.0,0.0,0.0,-69.0,0.0,0.0,-49.0,0.0,-75.0,0.0,-48.0,0.0,0.0,0.0,-80.0,-77.0,-74.0,0.0,-86.0,0.0,0.0,0.0,0.0,0.0,-47.0,0.0,-81.0,0.0,-74.0,0.0,0.0,0.0,0.0,0.0,0.0,-79.0,-78.0,0.0,0.0,0.0,0.0,0.0,-49.0,0.0,0.0,-43.0,0.0,0.0,0.0,0.0,0.0,-83.0,-77.0,0.0,-80.0
83757209097319,1.0,0.0,-49.0,0.0,-74.0,-80.0,0.0,-53.0,-69.0,0.0,0.0,-59.0,0.0,0.0,0.0,0.0,0.0,0.0,-47.0,-69.0,-72.0,0.0,0.0,0.0,0.0,0.0,-69.0,0.0,0.0,-49.0,0.0,-75.0,0.0,-48.0,0.0,0.0,0.0,-80.0,-77.0,-74.0,0.0,-86.0,0.0,0.0,0.0,0.0,0.0,-47.0,0.0,-81.0,0.0,-74.0,0.0,0.0,0.0,0.0,0.0,0.0,-79.0,-78.0,0.0,0.0,0.0,0.0,0.0,-49.0,0.0,0.0,-45.0,0.0,0.0,0.0,0.0,0.0,-83.0,-77.0,0.0,-80.0
83757720071069,1.0,0.0,-49.0,0.0,-74.0,-80.0,0.0,-53.0,-69.0,0.0,0.0,-59.0,0.0,0.0,0.0,0.0,0.0,0.0,-47.0,-69.0,-72.0,0.0,0.0,0.0,0.0,0.0,-69.0,0.0,0.0,-49.0,0.0,-75.0,0.0,-48.0,0.0,0.0,0.0,-80.0,-77.0,-74.0,0.0,-86.0,0.0,0.0,0.0,0.0,0.0,-47.0,0.0,-81.0,0.0,-74.0,0.0,0.0,0.0,0.0,0.0,0.0,-79.0,-78.0,0.0,0.0,0.0,0.0,0.0,-49.0,0.0,0.0,-46.0,0.0,0.0,0.0,0.0,0.0,-83.0,-77.0,0.0,-80.0
83758237200131,1.0,0.0,-49.0,0.0,-74.0,-80.0,0.0,-53.0,-69.0,0.0,0.0,-59.0,0.0,0.0,0.0,0.0,0.0,0.0,-47.0,-69.0,-72.0,0.0,0.0,0.0,0.0,0.0,-69.0,0.0,0.0,-49.0,0.0,-75.0,0.0,-48.0,0.0,0.0,0.0,-80.0,-77.0,-74.0,0.0,-86.0,0.0,0.0,0.0,0.0,0.0,-47.0,0.0,-81.0,0.0,-74.0,0.0,0.0,0.0,0.0,0.0,0.0,-79.0,-78.0,0.0,0.0,0.0,0.0,0.0,-49.0,0.0,0.0,-46.0,0.0,0.0,0.0,0.0,0.0,-83.0,-77.0,0.0,-80.0
83758719555287,1.0,0.0,-49.0,0.0,-74.0,-80.0,0.0,-53.0,-69.0,0.0,0.0,-59.0,0.0,0.0,0.0,0.0,0.0,0.0,-47.0,-69.0,-72.0,0.0,0.0,0.0,0.0,0.0,-69.0,0.0,0.0,-49.0,0.0,-75.0,0.0,-48.0,0.0,0.0,0.0,-80.0,-77.0,-74.0,0.0,-86.0,0.0,0.0,0.0,0.0,0.0,-47.0,0.0,-81.0,0.0,-74.0,0.0,0.0,0.0,0.0,0.0,0.0,-79.0,-78.0,0.0,0.0,0.0,0.0,0.0,-49.0,0.0,0.0,-47.0,0.0,0.0,0.0,0.0,0.0,-83.0,-77.0,0.0,-80.0
83761942740702,1.0,0.0,-52.0,0.0,-74.0,-80.0,0.0,-53.0,-67.0,0.0,0.0,-56.0,-86.0,0.0,0.0,0.0,0.0,0.0,-43.0,-69.0,-72.0,0.0,0.0,0.0,0.0,0.0,-69.0,0.0,0.0,-52.0,0.0,-75.0,0.0,-55.0,0.0,0.0,0.0,-80.0,-74.0,-75.0,0.0,-89.0,0.0,0.0,0.0,0.0,0.0,-43.0,0.0,-81.0,0.0,-74.0,0.0,0.0,0.0,0.0,0.0,0.0,-79.0,-74.0,0.0,0.0,-75.0,0.0,0.0,-57.0,0.0,0.0,-44.0,0.0,0.0,0.0,0.0,0.0,-83.0,-77.0,0.0,-80.0
83762226733359,1.0,0.0,-52.0,0.0,-74.0,-80.0,0.0,-53.0,-67.0,0.0,0.0,-56.0,-86.0,0.0,0.0,0.0,0.0,0.0,-43.0,-69.0,-72.0,0.0,0.0,0.0,0.0,0.0,-69.0,0.0,0.0,-52.0,0.0,0.0,0.0,-55.0,0.0,0.0,0.0,-80.0,-74.0,-75.0,0.0,-89.0,0.0,0.0,0.0,0.0,0.0,-43.0,0.0,-81.0,0.0,-74.0,0.0,0.0,0.0,0.0,0.0,0.0,-79.0,-74.0,0.0,0.0,-75.0,0.0,0.0,-57.0,0.0,0.0,-47.0,0.0,0.0,0.0,0.0,0.0,-83.0,0.0,0.0,0.0
83762736914244,1.0,0.0,-52.0,0.0,-74.0,-80.0,0.0,-53.0,-67.0,0.0,0.0,-56.0,-86.0,0.0,0.0,0.0,0.0,0.0,-43.0,-69.0,-72.0,0.0,0.0,0.0,0.0,0.0,-69.0,0.0,0.0,-52.0,0.0,0.0,0.0,-55.0,0.0,0.0,0.0,-80.0,-74.0,-75.0,0.0,-89.0,0.0,0.0,0.0,0.0,0.0,-43.0,0.0,-81.0,0.0,-74.0,0.0,0.0,0.0,0.0,0.0,0.0,-79.0,-74.0,0.0,0.0,-75.0,0.0,0.0,-57.0,0.0,0.0,-47.0,0.0,0.0,0.0,0.0,0.0,-83.0,0.0,0.0,0.0
83763225800962,1.0,0.0,-52.0,0.0,-74.0,-80.0,0.0,-53.0,-67.0,0.0,0.0,-56.0,-86.0,0.0,0.0,0.0,0.0,0.0,-43.0,-69.0,-72.0,0.0,0.0,0.0,0.0,0.0,-69.0,0.0,0.0,-52.0,0.0,0.0,0.0,-55.0,0.0,0.0,0.0,-80.0,-74.0,-75.0,0.0,-89.0,0.0,0.0,0.0,0.0,0.0,-43.0,0.0,-81.0,0.0,-74.0,0.0,0.0,0.0,0.0,0.0,0.0,-79.0,-74.0,0.0,0.0,-75.0,0.0,0.0,-57.0,0.0,0.0,-48.0,0.0,0.0,0.0,0.0,0.0,-83.0,0.0,0.0,0.0
83763736501952,1.0,0.0,-52.0,0.0,-74.0,-80.0,0.0,-53.0,-67.0,0.0,0.0,-56.0,-86.0,0.0,0.0,0.0,0.0,0.0,-43.0,-69.0,-72.0,0.0,0.0,0.0,0.0,0.0,-69.0,0.0,0.0,-52.0,0.0,0.0,0.0,-55.0,0.0,0.0,0.0,-80.0,-74.0,-75.0,0.0,-89.0,0.0,0.0,0.0,0.0,0.0,-43.0,0.0,-81.0,0.0,-74.0,0.0,0.0,0.0,0.0,0.0,0.0,-79.0,-74.0,0.0,0.0,-75.0,0.0,0.0,-57.0,0.0,0.0,-49.0,0.0,0.0,0.0,0.0,0.0,-83.0,0.0,0.0,0.0
83767157876534,1.0,0.0,-67.0,0.0,-74.0,-56.0,0.0,-61.0,-67.0,-74.0,-74.0,-64.0,-81.0,0.0,0.0,-75.0,0.0,0.0,-56.0,-69.0,-72.0,0.0,0.0,-78.0,-70.0,0.0,-69.0,-76.0,0.0,-66.0,-75.0,0.0,-78.0,-55.0,0.0,0.0,0.0,-80.0,-62.0,-75.0,-77.0,-77.0,-82.0,0.0,0.0,0.0,0.0,-56.0,0.0,-56.0,0.0,-74.0,0.0,-82.0,0.0,-70.0,0.0,-89.0,-79.0,-62.0,-70.0,-51.0,-62.0,0.0,0.0,-67.0,0.0,0.0,-52.0,0.0,0.0,0.0,0.0,-81.0,-83.0,0.0,-75.0,-51.0
83767247446065,1.0,0.0,-67.0,0.0,-74.0,-56.0,0.0,-61.0,-67.0,-74.0,-74.0,-64.0,-81.0,0.0,0.0,-75.0,0.0,0.0,-56.0,-69.0,-72.0,0.0,0.0,-78.0,-70.0,0.0,-69.0,-76.0,0.0,-66.0,-75.0,0.0,-78.0,-55.0,0.0,0.0,0.0,-80.0,-62.0,-75.0,-77.0,-77.0,-82.0,0.0,0.0,0.0,0.0,-56.0,0.0,-56.0,0.0,-74.0,0.0,-82.0,0.0,-70.0,0.0,-89.0,-79.0,-62.0,-70.0,-51.0,-62.0,0.0,0.0,-67.0,0.0,0.0,-54.0,0.0,0.0,0.0,0.0,-81.0,-83.0,0.0,-75.0,-51.0
83767754276742,1.0,0.0,-67.0,0.0,-74.0,-56.0,0.0,-61.0,-67.0,-74.0,-74.0,-64.0,-81.0,0.0,0.0,-75.0,0.0,0.0,-56.0,-69.0,-72.0,0.0,0.0,-78.0,-70.0,0.0,-69.0,-76.0,0.0,-66.0,-75.0,0.0,-78.0,-55.0,0.0,0.0,0.0,-80.0,-62.0,-75.0,-77.0,-77.0,-82.0,0.0,0.0,0.0,0.0,-56.0,0.0,-56.0,0.0,-74.0,0.0,-82.0,0.0,-70.0,0.0,-89.0,-79.0,-62.0,-70.0,-51.0,-62.0,0.0,0.0,-67.0,0.0,0.0,-57.0,0.0,0.0,0.0,0.0,-81.0,-83.0,0.0,-75.0,-51.0
83768265885752,1.0,0.0,-67.0,0.0,-74.0,-56.0,0.0,-61.0,-67.0,-74.0,-74.0,-64.0,-81.0,0.0,0.0,-75.0,0.0,0.0,-56.0,-69.0,-72.0,0.0,0.0,-78.0,-70.0,0.0,-69.0,-76.0,0.0,-66.0,-75.0,0.0,-78.0,-55.0,0.0,0.0,0.0,-80.0,-62.0,-75.0,-77.0,-77.0,-82.0,0.0,0.0,0.0,0.0,-56.0,0.0,-56.0,0.0,-74.0,0.0,-82.0,0.0,-70.0,0.0,-89.0,-79.0,-62.0,-70.0,-51.0,-62.0,0.0,0.0,-67.0,0.0,0.0,-63.0,0.0,0.0,0.0,0.0,-81.0,-83.0,0.0,-75.0,-51.0
83768763987939,1.0,0.0,-67.0,0.0,-74.0,-56.0,0.0,-61.0,-67.0,-74.0,-74.0,-64.0,-81.0,0.0,0.0,-75.0,0.0,0.0,-56.0,-69.0,-72.0,0.0,0.0,-78.0,-70.0,0.0,-69.0,-76.0,0.0,-66.0,-75.0,0.0,-78.0,-55.0,0.0,0.0,0.0,-80.0,-62.0,-75.0,-77.0,-77.0,-82.0,0.0,0.0,0.0,0.0,-56.0,0.0,-56.0,0.0,-74.0,0.0,-82.0,0.0,-70.0,0.0,-89.0,-79.0,-62.0,-70.0,-51.0,-62.0,0.0,0.0,-67.0,0.0,0.0,-66.0,0.0,0.0,0.0,0.0,-81.0,-83.0,0.0,-75.0,-51.0
83771957705647,1.0,0.0,-73.0,0.0,-74.0,-49.0,0.0,-75.0,-67.0,-74.0,-74.0,-64.0,-82.0,-73.0,0.0,-75.0,0.0,0.0,-72.0,-69.0,-72.0,0.0,0.0,-76.0,-59.0,0.0,-69.0,-76.0,-57.0,-73.0,-75.0,0.0,-76.0,-55.0,-74.0,0.0,0.0,-80.0,-62.0,-75.0,-77.0,-72.0,-83.0,0.0,-93.0,0.0,0.0,-72.0,0.0,-50.0,0.0,-74.0,0.0,-75.0,-72.0,-60.0,0.0,-85.0,-79.0,-62.0,-59.0,-48.0,-62.0,0.0,-79.0,-72.0,0.0,0.0,-52.0,-78.0,0.0,-77.0,0.0,-79.0,-83.0,0.0,-75.0,-51.0
83772290376740,1.0,0.0,-73.0,0.0,0.0,-49.0,0.0,-75.0,-67.0,-74.0,-74.0,-64.0,-82.0,-73.0,0.0,-75.0,0.0,0.0,-72.0,-69.0,-67.0,0.0,0.0,-76.0,-59.0,0.0,-69.0,-76.0,-57.0,-73.0,-75.0,0.0,-76.0,-55.0,-74.0,0.0,0.0,-80.0,-62.0,-75.0,-77.0,-72.0,-83.0,0.0,-93.0,0.0,0.0,-72.0,0.0,-50.0,0.0,0.0,0.0,-75.0,-72.0,-60.0,0.0,-85.0,-79.0,-62.0,-59.0,-48.0,-62.0,0.0,-79.0,-72.0,0.0,0.0,-73.0,-78.0,0.0,-77.0,0.0,-79.0,-83.0,0.0,-75.0,-51.0
83772778959136,1.0,0.0,-73.0,0.0,0.0,-49.0,0.0,-75.0,-67.0,-74.0,-74.0,-64.0,-82.0,-73.0,0.0,-75.0,0.0,0.0,-72.0,-69.0,-67.0,0.0,0.0,-76.0,-59.0,0.0,-69.0,-76.0,-57.0,-73.0,-75.0,0.0,-76.0,-55.0,-74.0,0.0,0.0,-80.0,-62.0,-75.0,-77.0,-72.0,-83.0,0.0,-93.0,0.0,0.0,-72.0,0.0,-50.0,0.0,0.0,0.0,-75.0,-72.0,-60.0,0.0,-85.0,-79.0,-62.0,-59.0,-48.0,-62.0,0.0,-79.0,-72.0,0.0,0.0,-73.0,-78.0,0.0,-77.0,0.0,-79.0,-83.0,0.0,-75.0,-51.0
83773276190177,1.0,0.0,-73.0,0.0,0.0,-49.0,0.0,-75.0,-67.0,-74.0,-74.0,-64.0,-82.0,-73.0,0.0,-75.0,0.0,0.0,-72.0,-69.0,-67.0,0.0,0.0,-76.0,-59.0,0.0,-69.0,-76.0,-57.0,-73.0,-75.0,0.0,-76.0,-55.0,-74.0,0.0,0.0,-80.0,-62.0,-75.0,-77.0,-72.0,-83.0,0.0,-93.0,0.0,0.0,-72.0,0.0,-50.0,0.0,0.0,0.0,-75.0,-72.0,-60.0,0.0,-85.0,-79.0,-62.0,-59.0,-48.0,-62.0,0.0,-79.0,-72.0,0.0,0.0,-73.0,-78.0,0.0,-77.0,0.0,-79.0,-83.0,0.0,-75.0,-51.0
83773791309344,1.0,0.0,-73.0,0.0,0.0,-49.0,0.0,-75.0,-67.0,-74.0,-74.0,-64.0,-82.0,-73.0,0.0,-75.0,0.0,0.0,-72.0,-69.0,-67.0,0.0,0.0,-76.0,-59.0,0.0,-69.0,-76.0,-57.0,-73.0,-75.0,0.0,-76.0,-55.0,-74.0,0.0,0.0,-80.0,-62.0,-75.0,-77.0,-72.0,-83.0,0.0,-93.0,0.0,0.0,-72.0,0.0,-50.0,0.0,0.0,0.0,-75.0,-72.0,-60.0,0.0,-85.0,-79.0,-62.0,-59.0,-48.0,-62.0,0.0,-79.0,-72.0,0.0,0.0,-72.0,-78.0,0.0,-77.0,0.0,-79.0,-83.0,0.0,-75.0,-51.0
83776946548613,1.0,0.0,-68.0,0.0,0.0,-58.0,0.0,-75.0,-67.0,-74.0,-74.0,-64.0,-82.0,-65.0,0.0,-75.0,0.0,0.0,-67.0,-69.0,-67.0,0.0,0.0,-78.0,-69.0,0.0,-69.0,-76.0,-57.0,-68.0,-75.0,0.0,-77.0,-67.0,-64.0,0.0,0.0,-80.0,-62.0,-75.0,-77.0,-76.0,-83.0,0.0,-93.0,0.0,0.0,-66.0,0.0,-59.0,0.0,0.0,0.0,-65.0,-72.0,-70.0,0.0,-77.0,-79.0,-62.0,-69.0,-58.0,-62.0,0.0,-78.0,-68.0,0.0,0.0,-72.0,-78.0,0.0,-78.0,0.0,-79.0,-83.0,0.0,-75.0,-51.0
83777309873613,1.0,0.0,-68.0,0.0,0.0,-58.0,0.0,-75.0,-67.0,-74.0,-74.0,-64.0,-82.0,-65.0,0.0,-75.0,0.0,0.0,-67.0,-69.0,-67.0,0.0,0.0,-78.0,-69.0,0.0,-69.0,-76.0,-57.0,-68.0,-75.0,0.0,-77.0,-67.0,-64.0,0.0,0.0,0.0,-62.0,-75.0,-77.0,-76.0,-83.0,0.0,-93.0,0.0,0.0,-66.0,0.0,-59.0,0.0,0.0,0.0,-65.0,-72.0,-70.0,0.0,-77.0,0.0,-62.0,-69.0,-58.0,-62.0,0.0,-78.0,-68.0,0.0,0.0,-69.0,-78.0,0.0,-78.0,0.0,-79.0,0.0,0.0,-75.0,-51.0
83777806372519,1.0,0.0,-68.0,0.0,0.0,-58.0,0.0,-75.0,-67.0,-74.0,-74.0,-64.0,-82.0,-65.0,0.0,-75.0,0.0,0.0,-67.0,-69.0,-67.0,0.0,0.0,-78.0,-69.0,0.0,-69.0,-76.0,-57.0,-68.0,-75.0,0.0,-77.0,-67.0,-64.0,0.0,0.0,0.0,-62.0,-75.0,-77.0,-76.0,-83.0,0.0,-93.0,0.0,0.0,-66.0,0.0,-59.0,0.0,0.0,0.0,-65.0,-72.0,-70.0,0.0,-77.0,0.0,-62.0,-69.0,-58.0,-62.0,0.0,-78.0,-68.0,0.0,0.0,-66.0,-78.0,0.0,-78.0,0.0,-79.0,0.0,0.0,-75.0,-51.0
83778296299967,1.0,0.0,-68.0,0.0,0.0,-58.0,0.0,-75.0,-67.0,-74.0,-74.0,-64.0,-82.0,-65.0,0.0,-75.0,0.0,0.0,-67.0,-69.0,-67.0,0.0,0.0,-78.0,-69.0,0.0,-69.0,-76.0,-57.0,-68.0,-75.0,0.0,-77.0,-67.0,-64.0,0.0,0.0,0.0,-62.0,-75.0,-77.0,-76.0,-83.0,0.0,-93.0,0.0,0.0,-66.0,0.0,-59.0,0.0,0.0,0.0,-65.0,-72.0,-70.0,0.0,-77.0,0.0,-62.0,-69.0,-58.0,-62.0,0.0,-78.0,-68.0,0.0,0.0,-64.0,-78.0,0.0,-78.0,0.0,-79.0,0.0,0.0,-75.0,-51.0
83778804261842,1.0,0.0,-68.0,0.0,0.0,-58.0,0.0,-75.0,-67.0,-74.0,-74.0,-64.0,-82.0,-65.0,0.0,-75.0,0.0,0.0,-67.0,-69.0,-67.0,0.0,0.0,-78.0,-69.0,0.0,-69.0,-76.0,-57.0,-68.0,-75.0,0.0,-77.0,-67.0,-64.0,0.0,0.0,0.0,-62.0,-75.0,-77.0,-76.0,-83.0,0.0,-93.0,0.0,0.0,-66.0,0.0,-59.0,0.0,0.0,0.0,-65.0,-72.0,-70.0,0.0,-77.0,0.0,-62.0,-69.0,-58.0,-62.0,0.0,-78.0,-68.0,0.0,0.0,-62.0,-78.0,0.0,-78.0,0.0,-79.0,0.0,0.0,-75.0,-51.0
83781976223872,1.0,0.0,-68.0,0.0,0.0,-58.0,0.0,-75.0,-67.0,-74.0,-74.0,-64.0,-82.0,-65.0,0.0,-75.0,0.0,0.0,-59.0,-69.0,-67.0,0.0,0.0,-78.0,-69.0,0.0,-69.0,-76.0,-57.0,-68.0,-75.0,0.0,-77.0,-67.0,-64.0,0.0,0.0,0.0,-62.0,-75.0,-77.0,-76.0,-83.0,0.0,-93.0,0.0,0.0,-58.0,0.0,-59.0,0.0,0.0,0.0,-65.0,-72.0,-70.0,0.0,-77.0,0.0,-62.0,-69.0,-58.0,-62.0,0.0,-78.0,-68.0,0.0,0.0,-71.0,-78.0,0.0,-78.0,0.0,-79.0,0.0,0.0,-75.0,-51.0
83782307520590,1.0,0.0,-68.0,0.0,0.0,-58.0,0.0,-75.0,0.0,-74.0,-74.0,-64.0,-82.0,-65.0,0.0,-75.0,0.0,0.0,-59.0,0.0,0.0,0.0,0.0,-78.0,-69.0,0.0,0.0,-76.0,-57.0,-68.0,-75.0,0.0,-77.0,-67.0,-64.0,0.0,0.0,0.0,-62.0,0.0,-77.0,-76.0,-83.0,0.0,-93.0,0.0,0.0,-58.0,0.0,-59.0,0.0,0.0,0.0,-65.0,-72.0,-70.0,0.0,-77.0,0.0,-62.0,-69.0,-58.0,-62.0,0.0,-78.0,-68.0,0.0,0.0,-59.0,-78.0,0.0,-78.0,0.0,-79.0,0.0,0.0,-75.0,-51.0
83782811180694,1.0,0.0,-68.0,0.0,0.0,-58.0,0.0,-75.0,0.0,-74.0,-74.0,-64.0,-82.0,-65.0,0.0,-75.0,0.0,0.0,-59.0,0.0,0.0,0.0,0.0,-78.0,-69.0,0.0,0.0,-76.0,-57.0,-68.0,-75.0,0.0,-77.0,-67.0,-64.0,0.0,0.0,0.0,-62.0,0.0,-77.0,-76.0,-83.0,0.0,-93.0,0.0,0.0,-58.0,0.0,-59.0,0.0,0.0,0.0,-65.0,-72.0,-70.0,0.0,-77.0,0.0,-62.0,-69.0,-58.0,-62.0,0.0,-78.0,-68.0,0.0,0.0,-56.0,-78.0,0.0,-78.0,0.0,-79.0,0.0,0.0,-75.0,-51.0
83783319608767,1.0,0.0,-68.0,0.0,0.0,-58.0,0.0,-75.0,0.0,-74.0,-74.0,-64.0,-82.0,-65.0,0.0,-75.0,0.0,0.0,-59.0,0.0,0.0,0.0,0.0,-78.0,-69.0,0.0,0.0,-76.0,-57.0,-68.0,-75.0,0.0,-77.0,-67.0,-64.0,0.0,0.0,0.0,-62.0,0.0,-77.0,-76.0,-83.0,0.0,-93.0,0.0,0.0,-58.0,0.0,-59.0,0.0,0.0,0.0,-65.0,-72.0,-70.0,0.0,-77.0,0.0,-62.0,-69.0,-58.0,-62.0,0.0,-78.0,-68.0,0.0,0.0,-55.0,-78.0,0.0,-78.0,0.0,-79.0,0.0,0.0,-75.0,-51.0
83783817552257,1.0,0.0,-68.0,0.0,0.0,-58.0,0.0,-75.0,0.0,-74.0,-74.0,-64.0,-82.0,-65.0,0.0,-75.0,0.0,0.0,-59.0,0.0,0.0,0.0,0.0,-78.0,-69.0,0.0,0.0,-76.0,-57.0,-68.0,-75.0,0.0,-77.0,-67.0,-64.0,0.0,0.0,0.0,-62.0,0.0,-77.0,-76.0,-83.0,0.0,-93.0,0.0,0.0,-58.0,0.0,-59.0,0.0,0.0,0.0,-65.0,-72.0,-70.0,0.0,-77.0,0.0,-62.0,-69.0,-58.0,-62.0,0.0,-78.0,-68.0,0.0,0.0,-53.0,-78.0,0.0,-78.0,0.0,-79.0,0.0,0.0,-75.0,-51.0
83787139606162,1.0,0.0,-57.0,0.0,0.0,-58.0,0.0,-75.0,-77.0,-74.0,-74.0,-43.0,-82.0,-65.0,0.0,-75.0,0.0,0.0,-52.0,-76.0,-77.0,0.0,0.0,-78.0,-69.0,0.0,-77.0,-76.0,-57.0,-57.0,-75.0,0.0,-77.0,-67.0,-64.0,0.0,0.0,-77.0,-62.0,0.0,-77.0,-76.0,-83.0,0.0,-93.0,0.0,0.0,-51.0,0.0,-59.0,0.0,0.0,0.0,-65.0,-72.0,-70.0,0.0,-77.0,-78.0,-62.0,-69.0,-58.0,-62.0,0.0,-78.0,-57.0,0.0,0.0,-52.0,-78.0,0.0,-78.0,0.0,-79.0,-80.0,-77.0,-75.0,-51.0
83787329169443,1.0,0.0,-57.0,0.0,0.0,-58.0,0.0,-51.0,-77.0,-74.0,-74.0,-43.0,-82.0,-65.0,0.0,-75.0,0.0,0.0,-52.0,-76.0,-77.0,0.0,0.0,-78.0,-69.0,0.0,-77.0,0.0,-57.0,-57.0,0.0,0.0,-77.0,-67.0,-64.0,0.0,0.0,-77.0,0.0,0.0,0.0,-76.0,-83.0,0.0,-93.0,0.0,0.0,-51.0,0.0,-59.0,0.0,0.0,0.0,-65.0,-63.0,-70.0,0.0,-77.0,-78.0,0.0,-69.0,-58.0,0.0,0.0,-78.0,-57.0,0.0,0.0,-50.0,-78.0,0.0,-78.0,0.0,-79.0,-80.0,-77.0,0.0,0.0
83787824824703,1.0,0.0,-57.0,0.0,0.0,-58.0,0.0,-51.0,-77.0,-74.0,-74.0,-43.0,-82.0,-65.0,0.0,-75.0,0.0,0.0,-52.0,-76.0,-77.0,0.0,0.0,-78.0,-69.0,0.0,-77.0,0.0,-57.0,-57.0,0.0,0.0,-77.0,-67.0,-64.0,0.0,0.0,-77.0,0.0,0.0,0.0,-76.0,-83.0,0.0,-93.0,0.0,0.0,-51.0,0.0,-59.0,0.0,0.0,0.0,-65.0,-63.0,-70.0,0.0,-77.0,-78.0,0.0,-69.0,-58.0,0.0,0.0,-78.0,-57.0,0.0,0.0,-47.0,-78.0,0.0,-78.0,0.0,-79.0,-80.0,-77.0,0.0,0.0
83788332246057,1.0,0.0,-57.0,0.0,0.0,-58.0,0.0,-51.0,-77.0,-74.0,-74.0,-43.0,-82.0,-65.0,0.0,-75.0,0.0,0.0,-52.0,-76.0,-77.0,0.0,0.0,-78.0,-69.0,0.0,-77.0,0.0,-57.0,-57.0,0.0,0.0,-77.0,-67.0,-64.0,0.0,0.0,-77.0,0.0,0.0,0.0,-76.0,-83.0,0.0,-93.0,0.0,0.0,-51.0,0.0,-59.0,0.0,0.0,0.0,-65.0,-63.0,-70.0,0.0,-77.0,-78.0,0.0,-69.0,-58.0,0.0,0.0,-78.0,-57.0,0.0,0.0,-46.0,-78.0,0.0,-78.0,0.0,-79.0,-80.0,-77.0,0.0,0.0
83788847851161,1.0,0.0,-57.0,0.0,0.0,-58.0,0.0,-51.0,-77.0,-74.0,-74.0,-43.0,-82.0,-65.0,0.0,-75.0,0.0,0.0,-52.0,-76.0,-77.0,0.0,0.0,-78.0,-69.0,0.0,-77.0,0.0,-57.0,-57.0,0.0,0.0,-77.0,-67.0,-64.0,0.0,0.0,-77.0,0.0,0.0,0.0,-76.0,-83.0,0.0,-93.0,0.0,0.0,-51.0,0.0,-59.0,0.0,0.0,0.0,-65.0,-63.0,-70.0,0.0,-77.0,-78.0,0.0,-69.0,-58.0,0.0,0.0,-78.0,-57.0,0.0,0.0,-42.0,-78.0,0.0,-78.0,0.0,-79.0,-80.0,-77.0,0.0,0.0
83792029262931,1.0,0.0,-47.0,0.0,0.0,-58.0,0.0,-51.0,-73.0,-74.0,-74.0,-59.0,-82.0,-65.0,0.0,-75.0,0.0,0.0,-41.0,-72.0,-77.0,0.0,0.0,-78.0,-69.0,0.0,-73.0,0.0,-57.0,-47.0,0.0,-77.0,-77.0,-67.0,-64.0,0.0,0.0,-77.0,0.0,-78.0,0.0,-76.0,-83.0,0.0,-93.0,0.0,0.0,-40.0,0.0,-59.0,0.0,0.0,-76.0,-65.0,-63.0,-70.0,0.0,-77.0,-78.0,-73.0,-69.0,-58.0,-73.0,0.0,-78.0,-47.0,0.0,0.0,-52.0,-78.0,0.0,-78.0,0.0,-79.0,-80.0,-77.0,0.0,0.0
83792338519493,1.0,0.0,-47.0,0.0,0.0,-58.0,0.0,-51.0,-73.0,0.0,0.0,-59.0,0.0,-65.0,0.0,0.0,0.0,0.0,-41.0,-72.0,-77.0,0.0,0.0,-78.0,-69.0,0.0,-73.0,0.0,0.0,-47.0,0.0,-77.0,-77.0,-54.0,-64.0,0.0,0.0,-77.0,0.0,-78.0,0.0,-76.0,0.0,0.0,0.0,0.0,0.0,-40.0,0.0,-59.0,0.0,0.0,-76.0,-65.0,-63.0,-70.0,0.0,-77.0,-78.0,-73.0,-69.0,-58.0,-73.0,0.0,-78.0,-47.0,0.0,0.0,-39.0,0.0,0.0,-78.0,0.0,0.0,-80.0,-77.0,0.0,0.0
83792844570222,1.0,0.0,-47.0,0.0,0.0,-58.0,0.0,-51.0,-73.0,0.0,0.0,-59.0,0.0,-65.0,0.0,0.0,0.0,0.0,-41.0,-72.0,-77.0,0.0,0.0,-78.0,-69.0,0.0,-73.0,0.0,0.0,-47.0,0.0,-77.0,-77.0,-54.0,-64.0,0.0,0.0,-77.0,0.0,-78.0,0.0,-76.0,0.0,0.0,0.0,0.0,0.0,-40.0,0.0,-59.0,0.0,0.0,-76.0,-65.0,-63.0,-70.0,0.0,-77.0,-78.0,-73.0,-69.0,-58.0,-73.0,0.0,-78.0,-47.0,0.0,0.0,-41.0,0.0,0.0,-78.0,0.0,0.0,-80.0,-77.0,0.0,0.0
83793347888243,1.0,0.0,-47.0,0.0,0.0,-58.0,0.0,-51.0,-73.0,0.0,0.0,-59.0,0.0,-65.0,0.0,0.0,0.0,0.0,-41.0,-72.0,-77.0,0.0,0.0,-78.0,-69.0,0.0,-73.0,0.0,0.0,-47.0,0.0,-77.0,-77.0,-54.0,-64.0,0.0,0.0,-77.0,0.0,-78.0,0.0,-76.0,0.0,0.0,0.0,0.0,0.0,-40.0,0.0,-59.0,0.0,0.0,-76.0,-65.0,-63.0,-70.0,0.0,-77.0,-78.0,-73.0,-69.0,-58.0,-73.0,0.0,-78.0,-47.0,0.0,0.0,-42.0,0.0,0.0,-78.0,0.0,0.0,-80.0,-77.0,0.0,0.0
83793833975482,1.0,0.0,-47.0,0.0,0.0,-58.0,0.0,-51.0,-73.0,0.0,0.0,-59.0,0.0,-65.0,0.0,0.0,0.0,0.0,-41.0,-72.0,-77.0,0.0,0.0,-78.0,-69.0,0.0,-73.0,0.0,0.0,-47.0,0.0,-77.0,-77.0,-54.0,-64.0,0.0,0.0,-77.0,0.0,-78.0,0.0,-76.0,0.0,0.0,0.0,0.0,0.0,-40.0,0.0,-59.0,0.0,0.0,-76.0,-65.0,-63.0,-70.0,0.0,-77.0,-78.0,-73.0,-69.0,-58.0,-73.0,0.0,-78.0,-47.0,0.0,0.0,-44.0,0.0,0.0,-78.0,0.0,0.0,-80.0,-77.0,0.0,0.0
83797057407720,1.0,0.0,-51.0,0.0,-76.0,-58.0,0.0,-51.0,-65.0,0.0,0.0,-59.0,0.0,-65.0,0.0,0.0,0.0,0.0,-45.0,-64.0,-77.0,0.0,0.0,-78.0,-69.0,0.0,-65.0,0.0,0.0,-51.0,0.0,-77.0,-77.0,-53.0,-64.0,0.0,0.0,-77.0,-76.0,-76.0,0.0,-76.0,0.0,0.0,0.0,0.0,0.0,-44.0,0.0,-59.0,0.0,0.0,-76.0,-65.0,-63.0,-70.0,0.0,-77.0,-78.0,-75.0,-69.0,-58.0,-75.0,0.0,-78.0,-51.0,0.0,0.0,-46.0,0.0,0.0,-78.0,0.0,0.0,-80.0,-77.0,0.0,0.0
83797354487668,1.0,0.0,-51.0,0.0,-76.0,0.0,0.0,-51.0,-65.0,0.0,0.0,-59.0,0.0,0.0,0.0,0.0,0.0,0.0,-45.0,-64.0,-77.0,0.0,0.0,0.0,0.0,0.0,-65.0,0.0,0.0,-51.0,0.0,-77.0,0.0,-53.0,0.0,0.0,0.0,-77.0,-76.0,-76.0,0.0,0.0,0.0,0.0,0.0,0.0,0.0,-44.0,0.0,0.0,0.0,0.0,-76.0,0.0,0.0,0.0,0.0,0.0,-78.0,-75.0,0.0,0.0,-75.0,0.0,0.0,-51.0,0.0,0.0,-46.0,0.0,0.0,0.0,0.0,0.0,-80.0,-77.0,0.0,0.0
83797848685897,1.0,0.0,-51.0,0.0,-76.0,0.0,0.0,-51.0,-65.0,0.0,0.0,-59.0,0.0,0.0,0.0,0.0,0.0,0.0,-45.0,-64.0,-77.0,0.0,0.0,0.0,0.0,0.0,-65.0,0.0,0.0,-51.0,0.0,-77.0,0.0,-53.0,0.0,0.0,0.0,-77.0,-76.0,-76.0,0.0,0.0,0.0,0.0,0.0,0.0,0.0,-44.0,0.0,0.0,0.0,0.0,-76.0,0.0,0.0,0.0,0.0,0.0,-78.0,-75.0,0.0,0.0,-75.0,0.0,0.0,-51.0,0.0,0.0,-46.0,0.0,0.0,0.0,0.0,0.0,-80.0,-77.0,0.0,0.0
83815674878390,1.0,0.0,-52.0,0.0,-76.0,-81.0,0.0,-46.0,-72.0,0.0,0.0,-66.0,0.0,0.0,0.0,0.0,0.0,0.0,-45.0,-71.0,-74.0,0.0,0.0,0.0,0.0,0.0,-71.0,0.0,0.0,-53.0,0.0,-77.0,0.0,-53.0,0.0,0.0,0.0,-77.0,-74.0,-76.0,0.0,0.0,0.0,0.0,0.0,0.0,0.0,-44.0,0.0,-81.0,0.0,0.0,-76.0,0.0,0.0,0.0,0.0,0.0,-78.0,-75.0,0.0,-81.0,-74.0,0.0,0.0,-53.0,0.0,0.0,-43.0,0.0,0.0,0.0,0.0,0.0,-80.0,-77.0,0.0,-82.0
83815880180161,1.0,0.0,-52.0,0.0,-76.0,-81.0,0.0,-46.0,-72.0,0.0,0.0,-66.0,0.0,0.0,0.0,0.0,0.0,0.0,-45.0,-71.0,-74.0,0.0,0.0,0.0,0.0,0.0,-71.0,0.0,0.0,-53.0,0.0,-77.0,0.0,-53.0,0.0,0.0,0.0,-77.0,-74.0,-76.0,0.0,0.0,0.0,0.0,0.0,0.0,0.0,-44.0,0.0,-81.0,0.0,0.0,-76.0,0.0,0.0,0.0,0.0,0.0,-78.0,-75.0,0.0,-81.0,-74.0,0.0,0.0,-53.0,0.0,0.0,-43.0,0.0,0.0,0.0,0.0,0.0,-80.0,-77.0,0.0,-82.0
83816375765109,1.0,0.0,-52.0,0.0,-76.0,-81.0,0.0,-46.0,-72.0,0.0,0.0,-66.0,0.0,0.0,0.0,0.0,0.0,0.0,-45.0,-71.0,-74.0,0.0,0.0,0.0,0.0,0.0,-71.0,0.0,0.0,-53.0,0.0,-77.0,0.0,-53.0,0.0,0.0,0.0,-77.0,-74.0,-76.0,0.0,0.0,0.0,0.0,0.0,0.0,0.0,-44.0,0.0,-81.0,0.0,0.0,-76.0,0.0,0.0,0.0,0.0,0.0,-78.0,-75.0,0.0,-81.0,-74.0,0.0,0.0,-53.0,0.0,0.0,-43.0,0.0,0.0,0.0,0.0,0.0,-80.0,-77.0,0.0,-82.0
83816893153911,1.0,0.0,-52.0,0.0,-76.0,-81.0,0.0,-46.0,-72.0,0.0,0.0,-66.0,0.0,0.0,0.0,0.0,0.0,0.0,-45.0,-71.0,-74.0,0.0,0.0,0.0,0.0,0.0,-71.0,0.0,0.0,-53.0,0.0,-77.0,0.0,-53.0,0.0,0.0,0.0,-77.0,-74.0,-76.0,0.0,0.0,0.0,0.0,0.0,0.0,0.0,-44.0,0.0,-81.0,0.0,0.0,-76.0,0.0,0.0,0.0,0.0,0.0,-78.0,-75.0,0.0,-81.0,-74.0,0.0,0.0,-53.0,0.0,0.0,-44.0,0.0,0.0,0.0,0.0,0.0,-80.0,-77.0,0.0,-82.0
83817384632140,1.0,0.0,-52.0,0.0,-76.0,-81.0,0.0,-46.0,-72.0,0.0,0.0,-66.0,0.0,0.0,0.0,0.0,0.0,0.0,-45.0,-71.0,-74.0,0.0,0.0,0.0,0.0,0.0,-71.0,0.0,0.0,-53.0,0.0,-77.0,0.0,-53.0,0.0,0.0,0.0,-77.0,-74.0,-76.0,0.0,0.0,0.0,0.0,0.0,0.0,0.0,-44.0,0.0,-81.0,0.0,0.0,-76.0,0.0,0.0,0.0,0.0,0.0,-78.0,-75.0,0.0,-81.0,-74.0,0.0,0.0,-53.0,0.0,0.0,-44.0,0.0,0.0,0.0,0.0,0.0,-80.0,-77.0,0.0,-82.0
83820631906045,1.0,0.0,-52.0,0.0,-74.0,-81.0,0.0,-46.0,-72.0,0.0,0.0,-59.0,0.0,0.0,0.0,0.0,0.0,0.0,-46.0,-72.0,-74.0,0.0,0.0,0.0,-81.0,0.0,-71.0,0.0,0.0,-53.0,0.0,-77.0,0.0,-53.0,0.0,0.0,0.0,-78.0,-75.0,-74.0,0.0,0.0,0.0,0.0,0.0,0.0,0.0,-46.0,0.0,-81.0,0.0,-74.0,-79.0,0.0,0.0,0.0,0.0,0.0,-78.0,-76.0,0.0,-81.0,-74.0,0.0,0.0,-52.0,0.0,0.0,-43.0,0.0,0.0,0.0,0.0,0.0,-80.0,-77.0,0.0,-82.0
83820896865055,1.0,0.0,-52.0,0.0,-74.0,-81.0,0.0,-46.0,-72.0,0.0,0.0,-59.0,0.0,0.0,0.0,0.0,0.0,0.0,-46.0,-72.0,-74.0,0.0,0.0,0.0,-81.0,0.0,-71.0,0.0,0.0,-53.0,0.0,-77.0,0.0,-53.0,0.0,0.0,0.0,-78.0,-75.0,-74.0,0.0,0.0,0.0,0.0,0.0,0.0,0.0,-46.0,0.0,-81.0,0.0,-74.0,-79.0,0.0,0.0,0.0,0.0,0.0,-78.0,-76.0,0.0,-81.0,-74.0,0.0,0.0,-52.0,0.0,0.0,-45.0,0.0,0.0,0.0,0.0,0.0,0.0,0.0,0.0,-82.0
83821400955992,1.0,0.0,-52.0,0.0,-74.0,-81.0,0.0,-46.0,-72.0,0.0,0.0,-59.0,0.0,0.0,0.0,0.0,0.0,0.0,-46.0,-72.0,-74.0,0.0,0.0,0.0,-81.0,0.0,-71.0,0.0,0.0,-53.0,0.0,-77.0,0.0,-53.0,0.0,0.0,0.0,-78.0,-75.0,-74.0,0.0,0.0,0.0,0.0,0.0,0.0,0.0,-46.0,0.0,-81.0,0.0,-74.0,-79.0,0.0,0.0,0.0,0.0,0.0,-78.0,-76.0,0.0,-81.0,-74.0,0.0,0.0,-52.0,0.0,0.0,-45.0,0.0,0.0,0.0,0.0,0.0,0.0,0.0,0.0,-82.0
83821898585315,1.0,0.0,-52.0,0.0,-74.0,-81.0,0.0,-46.0,-72.0,0.0,0.0,-59.0,0.0,0.0,0.0,0.0,0.0,0.0,-46.0,-72.0,-74.0,0.0,0.0,0.0,-81.0,0.0,-71.0,0.0,0.0,-53.0,0.0,-77.0,0.0,-53.0,0.0,0.0,0.0,-78.0,-75.0,-74.0,0.0,0.0,0.0,0.0,0.0,0.0,0.0,-46.0,0.0,-81.0,0.0,-74.0,-79.0,0.0,0.0,0.0,0.0,0.0,-78.0,-76.0,0.0,-81.0,-74.0,0.0,0.0,-52.0,0.0,0.0,-44.0,0.0,0.0,0.0,0.0,0.0,0.0,0.0,0.0,-82.0
83822389925888,1.0,0.0,-52.0,0.0,-74.0,-81.0,0.0,-46.0,-72.0,0.0,0.0,-59.0,0.0,0.0,0.0,0.0,0.0,0.0,-46.0,-72.0,-74.0,0.0,0.0,0.0,-81.0,0.0,-71.0,0.0,0.0,-53.0,0.0,-77.0,0.0,-53.0,0.0,0.0,0.0,-78.0,-75.0,-74.0,0.0,0.0,0.0,0.0,0.0,0.0,0.0,-46.0,0.0,-81.0,0.0,-74.0,-79.0,0.0,0.0,0.0,0.0,0.0,-78.0,-76.0,0.0,-81.0,-74.0,0.0,0.0,-52.0,0.0,0.0,-44.0,0.0,0.0,0.0,0.0,0.0,0.0,0.0,0.0,-82.0
83825604075886,1.0,0.0,-57.0,0.0,-74.0,-68.0,0.0,-46.0,-72.0,0.0,0.0,-59.0,-87.0,0.0,0.0,0.0,0.0,0.0,-45.0,-73.0,-74.0,0.0,0.0,0.0,-81.0,0.0,-72.0,0.0,-78.0,-57.0,0.0,-77.0,0.0,-56.0,0.0,0.0,0.0,-78.0,-75.0,-74.0,0.0,-87.0,-91.0,0.0,0.0,0.0,0.0,-46.0,0.0,-70.0,0.0,-74.0,-79.0,0.0,0.0,0.0,0.0,0.0,-78.0,-82.0,0.0,-69.0,-74.0,0.0,0.0,-57.0,0.0,0.0,-44.0,0.0,0.0,0.0,0.0,0.0,0.0,0.0,0.0,-82.0
83825921230209,1.0,0.0,-57.0,0.0,-74.0,-68.0,0.0,-46.0,-72.0,0.0,0.0,-59.0,-87.0,0.0,0.0,0.0,0.0,0.0,-45.0,-73.0,-74.0,0.0,0.0,0.0,-81.0,0.0,-72.0,0.0,-78.0,-57.0,0.0,0.0,0.0,-56.0,0.0,0.0,0.0,-78.0,-75.0,-74.0,0.0,-87.0,-91.0,0.0,0.0,0.0,0.0,-46.0,0.0,-70.0,0.0,-74.0,-79.0,0.0,0.0,0.0,0.0,0.0,-78.0,-82.0,0.0,-69.0,-74.0,0.0,0.0,-57.0,0.0,0.0,-45.0,0.0,0.0,0.0,0.0,0.0,0.0,0.0,0.0,-82.0
83826422851980,1.0,0.0,-57.0,0.0,-74.0,-68.0,0.0,-46.0,-72.0,0.0,0.0,-59.0,-87.0,0.0,0.0,0.0,0.0,0.0,-45.0,-73.0,-74.0,0.0,0.0,0.0,-81.0,0.0,-72.0,0.0,-78.0,-57.0,0.0,0.0,0.0,-56.0,0.0,0.0,0.0,-78.0,-75.0,-74.0,0.0,-87.0,-91.0,0.0,0.0,0.0,0.0,-46.0,0.0,-70.0,0.0,-74.0,-79.0,0.0,0.0,0.0,0.0,0.0,-78.0,-82.0,0.0,-69.0,-74.0,0.0,0.0,-57.0,0.0,0.0,-48.0,0.0,0.0,0.0,0.0,0.0,0.0,0.0,0.0,-82.0
83826924334063,1.0,0.0,-57.0,0.0,-74.0,-68.0,0.0,-46.0,-72.0,0.0,0.0,-59.0,-87.0,0.0,0.0,0.0,0.0,0.0,-45.0,-73.0,-74.0,0.0,0.0,0.0,-81.0,0.0,-72.0,0.0,-78.0,-57.0,0.0,0.0,0.0,-56.0,0.0,0.0,0.0,-78.0,-75.0,-74.0,0.0,-87.0,-91.0,0.0,0.0,0.0,0.0,-46.0,0.0,-70.0,0.0,-74.0,-79.0,0.0,0.0,0.0,0.0,0.0,-78.0,-82.0,0.0,-69.0,-74.0,0.0,0.0,-57.0,0.0,0.0,-53.0,0.0,0.0,0.0,0.0,0.0,0.0,0.0,0.0,-82.0
83827420529636,1.0,0.0,-57.0,0.0,-74.0,-68.0,0.0,-46.0,-72.0,0.0,0.0,-59.0,-87.0,0.0,0.0,0.0,0.0,0.0,-45.0,-73.0,-74.0,0.0,0.0,0.0,-81.0,0.0,-72.0,0.0,-78.0,-57.0,0.0,0.0,0.0,-56.0,0.0,0.0,0.0,-78.0,-75.0,-74.0,0.0,-87.0,-91.0,0.0,0.0,0.0,0.0,-46.0,0.0,-70.0,0.0,-74.0,-79.0,0.0,0.0,0.0,0.0,0.0,-78.0,-82.0,0.0,-69.0,-74.0,0.0,0.0,-57.0,0.0,0.0,-57.0,0.0,0.0,0.0,0.0,0.0,0.0,0.0,0.0,-82.0
83830722145989,1.0,0.0,-65.0,-80.0,-74.0,-52.0,0.0,-46.0,-72.0,-73.0,-73.0,-65.0,-78.0,-74.0,0.0,-73.0,-81.0,-76.0,-57.0,-73.0,-74.0,-82.0,0.0,-69.0,-66.0,-78.0,-72.0,0.0,-78.0,-65.0,0.0,0.0,-68.0,-67.0,-74.0,0.0,0.0,-78.0,-75.0,-74.0,0.0,-75.0,-89.0,0.0,-91.0,-77.0,0.0,-56.0,-77.0,-53.0,-81.0,-74.0,-79.0,-74.0,-74.0,-66.0,0.0,-80.0,-78.0,-82.0,-63.0,-53.0,-74.0,-54.0,-69.0,-65.0,-82.0,0.0,-44.0,-73.0,0.0,-69.0,-81.0,0.0,0.0,0.0,0.0,-82.0
83830945949947,1.0,0.0,-65.0,-80.0,-74.0,-52.0,0.0,0.0,-72.0,-73.0,-73.0,-65.0,-78.0,-74.0,0.0,-73.0,-81.0,-76.0,-57.0,-73.0,-74.0,-82.0,0.0,-69.0,-66.0,-78.0,-72.0,0.0,-78.0,-65.0,0.0,0.0,-68.0,-67.0,-74.0,0.0,0.0,-78.0,-75.0,-74.0,0.0,-75.0,-89.0,0.0,-91.0,-77.0,0.0,-56.0,-77.0,-53.0,-81.0,-74.0,-79.0,-74.0,-74.0,-66.0,0.0,-80.0,-78.0,-82.0,-63.0,-53.0,-74.0,-54.0,-69.0,-65.0,-82.0,0.0,-61.0,-73.0,0.0,-69.0,-81.0,0.0,0.0,0.0,0.0,-72.0
83831448522863,1.0,0.0,-65.0,-80.0,-74.0,-52.0,0.0,0.0,-72.0,-73.0,-73.0,-65.0,-78.0,-74.0,0.0,-73.0,-81.0,-76.0,-57.0,-73.0,-74.0,-82.0,0.0,-69.0,-66.0,-78.0,-72.0,0.0,-78.0,-65.0,0.0,0.0,-68.0,-67.0,-74.0,0.0,0.0,-78.0,-75.0,-74.0,0.0,-75.0,-89.0,0.0,-91.0,-77.0,0.0,-56.0,-77.0,-53.0,-81.0,-74.0,-79.0,-74.0,-74.0,-66.0,0.0,-80.0,-78.0,-82.0,-63.0,-53.0,-74.0,-54.0,-69.0,-65.0,-82.0,0.0,-64.0,-73.0,0.0,-69.0,-81.0,0.0,0.0,0.0,0.0,-72.0
83831948641665,1.0,0.0,-65.0,-80.0,-74.0,-52.0,0.0,0.0,-72.0,-73.0,-73.0,-65.0,-78.0,-74.0,0.0,-73.0,-81.0,-76.0,-57.0,-73.0,-74.0,-82.0,0.0,-69.0,-66.0,-78.0,-72.0,0.0,-78.0,-65.0,0.0,0.0,-68.0,-67.0,-74.0,0.0,0.0,-78.0,-75.0,-74.0,0.0,-75.0,-89.0,0.0,-91.0,-77.0,0.0,-56.0,-77.0,-53.0,-81.0,-74.0,-79.0,-74.0,-74.0,-66.0,0.0,-80.0,-78.0,-82.0,-63.0,-53.0,-74.0,-54.0,-69.0,-65.0,-82.0,0.0,-65.0,-73.0,0.0,-69.0,-81.0,0.0,0.0,0.0,0.0,-72.0
83832445408696,1.0,0.0,-65.0,-80.0,-74.0,-52.0,0.0,0.0,-72.0,-73.0,-73.0,-65.0,-78.0,-74.0,0.0,-73.0,-81.0,-76.0,-57.0,-73.0,-74.0,-82.0,0.0,-69.0,-66.0,-78.0,-72.0,0.0,-78.0,-65.0,0.0,0.0,-68.0,-67.0,-74.0,0.0,0.0,-78.0,-75.0,-74.0,0.0,-75.0,-89.0,0.0,-91.0,-77.0,0.0,-56.0,-77.0,-53.0,-81.0,-74.0,-79.0,-74.0,-74.0,-66.0,0.0,-80.0,-78.0,-82.0,-63.0,-53.0,-74.0,-54.0,-69.0,-65.0,-82.0,0.0,-68.0,-73.0,0.0,-69.0,-81.0,0.0,0.0,0.0,0.0,-72.0
83835576746091,1.0,0.0,-76.0,-80.0,-74.0,-48.0,0.0,0.0,-72.0,-73.0,-73.0,-60.0,-87.0,-74.0,0.0,-73.0,-81.0,-76.0,-57.0,-73.0,-74.0,-82.0,0.0,-69.0,-67.0,-73.0,-72.0,0.0,-78.0,-73.0,0.0,0.0,-68.0,-76.0,-74.0,0.0,-76.0,-78.0,-53.0,-74.0,0.0,-75.0,-82.0,-76.0,-91.0,-77.0,0.0,-56.0,-77.0,-49.0,-80.0,-74.0,-79.0,-74.0,-74.0,-72.0,0.0,-80.0,-78.0,-54.0,-67.0,-49.0,-47.0,-54.0,-69.0,-65.0,-82.0,0.0,-70.0,-73.0,0.0,-69.0,-81.0,-78.0,0.0,0.0,0.0,-72.0
83835975930258,1.0,0.0,-76.0,-80.0,-74.0,-48.0,0.0,0.0,-72.0,-73.0,-73.0,-60.0,-87.0,-74.0,0.0,-73.0,-81.0,-76.0,-57.0,-73.0,-74.0,-82.0,0.0,-69.0,-67.0,-73.0,-72.0,0.0,-78.0,-73.0,0.0,0.0,-68.0,-76.0,-74.0,0.0,-76.0,-78.0,-53.0,-74.0,0.0,-75.0,-82.0,-76.0,-91.0,-77.0,0.0,-56.0,-77.0,-49.0,-80.0,-74.0,-79.0,-74.0,-74.0,-72.0,0.0,-80.0,-78.0,-54.0,-67.0,-49.0,-47.0,-54.0,-69.0,-65.0,-82.0,0.0,-72.0,-73.0,0.0,-69.0,-81.0,-78.0,0.0,0.0,0.0,-72.0
83836469000361,1.0,0.0,-76.0,-80.0,-74.0,-48.0,0.0,0.0,-72.0,-73.0,-73.0,-60.0,-87.0,-74.0,0.0,-73.0,-81.0,-76.0,-57.0,-73.0,-74.0,-82.0,0.0,-69.0,-67.0,-73.0,-72.0,0.0,-78.0,-73.0,0.0,0.0,-68.0,-76.0,-74.0,0.0,-76.0,-78.0,-53.0,-74.0,0.0,-75.0,-82.0,-76.0,-91.0,-77.0,0.0,-56.0,-77.0,-49.0,-80.0,-74.0,-79.0,-74.0,-74.0,-72.0,0.0,-80.0,-78.0,-54.0,-67.0,-49.0,-47.0,-54.0,-69.0,-65.0,-82.0,0.0,-73.0,-73.0,0.0,-69.0,-81.0,-78.0,0.0,0.0,0.0,-72.0
83836961731299,1.0,0.0,-76.0,-80.0,-74.0,-48.0,0.0,0.0,-72.0,-73.0,-73.0,-60.0,-87.0,-74.0,0.0,-73.0,-81.0,-76.0,-57.0,-73.0,-74.0,-82.0,0.0,-69.0,-67.0,-73.0,-72.0,0.0,-78.0,-73.0,0.0,0.0,-68.0,-76.0,-74.0,0.0,-76.0,-78.0,-53.0,-74.0,0.0,-75.0,-82.0,-76.0,-91.0,-77.0,0.0,-56.0,-77.0,-49.0,-80.0,-74.0,-79.0,-74.0,-74.0,-72.0,0.0,-80.0,-78.0,-54.0,-67.0,-49.0,-47.0,-54.0,-69.0,-65.0,-82.0,0.0,-72.0,-73.0,0.0,-69.0,-81.0,-78.0,0.0,0.0,0.0,-72.0
83837477663174,1.0,0.0,-76.0,-80.0,-74.0,-48.0,0.0,0.0,-72.0,-73.0,-73.0,-60.0,-87.0,-74.0,0.0,-73.0,-81.0,-76.0,-57.0,-73.0,-74.0,-82.0,0.0,-69.0,-67.0,-73.0,-72.0,0.0,-78.0,-73.0,0.0,0.0,-68.0,-76.0,-74.0,0.0,-76.0,-78.0,-53.0,-74.0,0.0,-75.0,-82.0,-76.0,-91.0,-77.0,0.0,-56.0,-77.0,-49.0,-80.0,-74.0,-79.0,-74.0,-74.0,-72.0,0.0,-80.0,-78.0,-54.0,-67.0,-49.0,-47.0,-54.0,-69.0,-65.0,-82.0,0.0,-71.0,-73.0,0.0,-69.0,-81.0,-78.0,0.0,0.0,0.0,-72.0
83840613778902,1.0,0.0,-76.0,-77.0,-74.0,-62.0,0.0,0.0,-72.0,-73.0,-73.0,-51.0,-87.0,-74.0,0.0,-73.0,-81.0,-76.0,-69.0,-73.0,-74.0,-82.0,0.0,-69.0,-73.0,-79.0,-72.0,0.0,-78.0,-73.0,0.0,0.0,-68.0,-76.0,-74.0,0.0,-76.0,-78.0,-57.0,-74.0,0.0,-75.0,-82.0,-76.0,-91.0,-77.0,0.0,-68.0,-77.0,-63.0,-80.0,-74.0,-79.0,-74.0,-74.0,-73.0,0.0,-80.0,-78.0,-58.0,-72.0,-62.0,-56.0,-60.0,-69.0,-65.0,-82.0,0.0,-70.0,-73.0,0.0,-69.0,-81.0,-78.0,0.0,0.0,0.0,-72.0
83840980745776,1.0,0.0,-76.0,-77.0,0.0,-62.0,0.0,0.0,-72.0,-73.0,-73.0,-51.0,-87.0,-74.0,0.0,-73.0,-81.0,-76.0,-69.0,-73.0,-74.0,-82.0,0.0,-69.0,-73.0,-79.0,-72.0,0.0,-73.0,-73.0,0.0,0.0,-68.0,-76.0,-74.0,0.0,-76.0,0.0,-57.0,0.0,0.0,-75.0,-82.0,-76.0,-91.0,-77.0,0.0,-68.0,-77.0,-63.0,-80.0,0.0,0.0,-74.0,-74.0,-73.0,0.0,-80.0,0.0,-58.0,-72.0,-62.0,-56.0,-60.0,-69.0,-65.0,-82.0,0.0,-68.0,-73.0,0.0,-69.0,-81.0,-78.0,0.0,0.0,0.0,-48.0
83841468029839,1.0,0.0,-76.0,-77.0,0.0,-62.0,0.0,0.0,-72.0,-73.0,-73.0,-51.0,-87.0,-74.0,0.0,-73.0,-81.0,-76.0,-69.0,-73.0,-74.0,-82.0,0.0,-69.0,-73.0,-79.0,-72.0,0.0,-73.0,-73.0,0.0,0.0,-68.0,-76.0,-74.0,0.0,-76.0,0.0,-57.0,0.0,0.0,-75.0,-82.0,-76.0,-91.0,-77.0,0.0,-68.0,-77.0,-63.0,-80.0,0.0,0.0,-74.0,-74.0,-73.0,0.0,-80.0,0.0,-58.0,-72.0,-62.0,-56.0,-60.0,-69.0,-65.0,-82.0,0.0,-65.0,-73.0,0.0,-69.0,-81.0,-78.0,0.0,0.0,0.0,-48.0
83841981179318,1.0,0.0,-76.0,-77.0,0.0,-62.0,0.0,0.0,-72.0,-73.0,-73.0,-51.0,-87.0,-74.0,0.0,-73.0,-81.0,-76.0,-69.0,-73.0,-74.0,-82.0,0.0,-69.0,-73.0,-79.0,-72.0,0.0,-73.0,-73.0,0.0,0.0,-68.0,-76.0,-74.0,0.0,-76.0,0.0,-57.0,0.0,0.0,-75.0,-82.0,-76.0,-91.0,-77.0,0.0,-68.0,-77.0,-63.0,-80.0,0.0,0.0,-74.0,-74.0,-73.0,0.0,-80.0,0.0,-58.0,-72.0,-62.0,-56.0,-60.0,-69.0,-65.0,-82.0,0.0,-63.0,-73.0,0.0,-69.0,-81.0,-78.0,0.0,0.0,0.0,-48.0
83842491233745,1.0,0.0,-76.0,-77.0,0.0,-62.0,0.0,0.0,-72.0,-73.0,-73.0,-51.0,-87.0,-74.0,0.0,-73.0,-81.0,-76.0,-69.0,-73.0,-74.0,-82.0,0.0,-69.0,-73.0,-79.0,-72.0,0.0,-73.0,-73.0,0.0,0.0,-68.0,-76.0,-74.0,0.0,-76.0,0.0,-57.0,0.0,0.0,-75.0,-82.0,-76.0,-91.0,-77.0,0.0,-68.0,-77.0,-63.0,-80.0,0.0,0.0,-74.0,-74.0,-73.0,0.0,-80.0,0.0,-58.0,-72.0,-62.0,-56.0,-60.0,-69.0,-65.0,-82.0,0.0,-61.0,-73.0,0.0,-69.0,-81.0,-78.0,0.0,0.0,0.0,-48.0
83845779257181,1.0,0.0,-60.0,-77.0,0.0,-62.0,0.0,0.0,0.0,-73.0,-73.0,-51.0,-87.0,-74.0,0.0,-73.0,-80.0,-76.0,-57.0,0.0,0.0,-82.0,0.0,-69.0,-73.0,-79.0,0.0,0.0,-73.0,-61.0,0.0,0.0,-68.0,-76.0,-74.0,0.0,-76.0,0.0,-57.0,0.0,0.0,-75.0,-82.0,-76.0,-91.0,-77.0,0.0,-56.0,-77.0,-63.0,-80.0,0.0,0.0,-74.0,-75.0,-73.0,0.0,-80.0,0.0,-58.0,-72.0,-62.0,-56.0,-60.0,-69.0,-60.0,-82.0,0.0,-59.0,-73.0,0.0,-69.0,-81.0,-78.0,0.0,0.0,0.0,-48.0
83845996832441,1.0,0.0,-60.0,-77.0,0.0,-62.0,0.0,0.0,0.0,-73.0,-73.0,-51.0,-87.0,-74.0,0.0,-73.0,-80.0,-76.0,-57.0,0.0,0.0,-82.0,0.0,-69.0,-73.0,-79.0,0.0,0.0,-73.0,-61.0,0.0,0.0,-68.0,-76.0,-74.0,0.0,-76.0,0.0,-57.0,0.0,0.0,-75.0,-82.0,-76.0,-91.0,-77.0,0.0,-56.0,-77.0,-63.0,-80.0,0.0,0.0,-74.0,-75.0,-73.0,0.0,-80.0,0.0,-58.0,-72.0,-62.0,-56.0,-60.0,-69.0,-60.0,-82.0,0.0,-58.0,-73.0,0.0,-69.0,-81.0,-78.0,0.0,0.0,0.0,-48.0
83846487409733,1.0,0.0,-60.0,-77.0,0.0,-62.0,0.0,0.0,0.0,-73.0,-73.0,-51.0,-87.0,-74.0,0.0,-73.0,-80.0,-76.0,-57.0,0.0,0.0,-82.0,0.0,-69.0,-73.0,-79.0,0.0,0.0,-73.0,-61.0,0.0,0.0,-68.0,-76.0,-74.0,0.0,-76.0,0.0,-57.0,0.0,0.0,-75.0,-82.0,-76.0,-91.0,-77.0,0.0,-56.0,-77.0,-63.0,-80.0,0.0,0.0,-74.0,-75.0,-73.0,0.0,-80.0,0.0,-58.0,-72.0,-62.0,-56.0,-60.0,-69.0,-60.0,-82.0,0.0,-56.0,-73.0,0.0,-69.0,-81.0,-78.0,0.0,0.0,0.0,-48.0
83846999111035,1.0,0.0,-60.0,-77.0,0.0,-62.0,0.0,0.0,0.0,-73.0,-73.0,-51.0,-87.0,-74.0,0.0,-73.0,-80.0,-76.0,-57.0,0.0,0.0,-82.0,0.0,-69.0,-73.0,-79.0,0.0,0.0,-73.0,-61.0,0.0,0.0,-68.0,-76.0,-74.0,0.0,-76.0,0.0,-57.0,0.0,0.0,-75.0,-82.0,-76.0,-91.0,-77.0,0.0,-56.0,-77.0,-63.0,-80.0,0.0,0.0,-74.0,-75.0,-73.0,0.0,-80.0,0.0,-58.0,-72.0,-62.0,-56.0,-60.0,-69.0,-60.0,-82.0,0.0,-55.0,-73.0,0.0,-69.0,-81.0,-78.0,0.0,0.0,0.0,-48.0
83847485790930,1.0,0.0,-60.0,-77.0,0.0,-62.0,0.0,0.0,0.0,-73.0,-73.0,-51.0,-87.0,-74.0,0.0,-73.0,-80.0,-76.0,-57.0,0.0,0.0,-82.0,0.0,-69.0,-73.0,-79.0,0.0,0.0,-73.0,-61.0,0.0,0.0,-68.0,-76.0,-74.0,0.0,-76.0,0.0,-57.0,0.0,0.0,-75.0,-82.0,-76.0,-91.0,-77.0,0.0,-56.0,-77.0,-63.0,-80.0,0.0,0.0,-74.0,-75.0,-73.0,0.0,-80.0,0.0,-58.0,-72.0,-62.0,-56.0,-60.0,-69.0,-60.0,-82.0,0.0,-53.0,-73.0,0.0,-69.0,-81.0,-78.0,0.0,0.0,0.0,-48.0
83850784669679,1.0,0.0,-52.0,-77.0,0.0,-62.0,0.0,0.0,-79.0,-73.0,-73.0,-51.0,-87.0,-74.0,0.0,-73.0,-80.0,-76.0,-48.0,-77.0,-78.0,-82.0,0.0,-69.0,-73.0,-79.0,-78.0,0.0,-73.0,-53.0,0.0,0.0,-68.0,-76.0,-74.0,0.0,-76.0,-78.0,-57.0,0.0,0.0,-75.0,-82.0,-76.0,-91.0,-77.0,0.0,-48.0,-77.0,-63.0,-80.0,0.0,0.0,-74.0,-75.0,-73.0,0.0,-80.0,-79.0,-58.0,-72.0,-62.0,-56.0,-60.0,-69.0,-52.0,-82.0,0.0,-59.0,-73.0,0.0,-69.0,-81.0,-78.0,0.0,0.0,0.0,-48.0
83851008824418,1.0,0.0,-52.0,-77.0,0.0,-62.0,0.0,0.0,-79.0,0.0,0.0,-51.0,-87.0,-74.0,0.0,0.0,-80.0,-76.0,-48.0,-77.0,-78.0,0.0,0.0,0.0,-73.0,-79.0,-78.0,0.0,-73.0,-53.0,0.0,0.0,0.0,-67.0,-74.0,0.0,-76.0,-78.0,-57.0,0.0,0.0,0.0,-82.0,-76.0,0.0,0.0,0.0,-48.0,-77.0,-63.0,-80.0,0.0,0.0,-74.0,-75.0,-73.0,0.0,0.0,-79.0,-58.0,-72.0,-62.0,-56.0,-60.0,0.0,-52.0,0.0,0.0,-50.0,0.0,0.0,0.0,0.0,-78.0,0.0,0.0,0.0,-48.0
83851487402804,1.0,0.0,-52.0,-77.0,0.0,-62.0,0.0,0.0,-79.0,0.0,0.0,-51.0,-87.0,-74.0,0.0,0.0,-80.0,-76.0,-48.0,-77.0,-78.0,0.0,0.0,0.0,-73.0,-79.0,-78.0,0.0,-73.0,-53.0,0.0,0.0,0.0,-67.0,-74.0,0.0,-76.0,-78.0,-57.0,0.0,0.0,0.0,-82.0,-76.0,0.0,0.0,0.0,-48.0,-77.0,-63.0,-80.0,0.0,0.0,-74.0,-75.0,-73.0,0.0,0.0,-79.0,-58.0,-72.0,-62.0,-56.0,-60.0,0.0,-52.0,0.0,0.0,-46.0,0.0,0.0,0.0,0.0,-78.0,0.0,0.0,0.0,-48.0
83851995215824,1.0,0.0,-52.0,-77.0,0.0,-62.0,0.0,0.0,-79.0,0.0,0.0,-51.0,-87.0,-74.0,0.0,0.0,-80.0,-76.0,-48.0,-77.0,-78.0,0.0,0.0,0.0,-73.0,-79.0,-78.0,0.0,-73.0,-53.0,0.0,0.0,0.0,-67.0,-74.0,0.0,-76.0,-78.0,-57.0,0.0,0.0,0.0,-82.0,-76.0,0.0,0.0,0.0,-48.0,-77.0,-63.0,-80.0,0.0,0.0,-74.0,-75.0,-73.0,0.0,0.0,-79.0,-58.0,-72.0,-62.0,-56.0,-60.0,0.0,-52.0,0.0,0.0,-43.0,0.0,0.0,0.0,0.0,-78.0,0.0,0.0,0.0,-48.0
83852502536657,1.0,0.0,-52.0,-77.0,0.0,-62.0,0.0,0.0,-79.0,0.0,0.0,-51.0,-87.0,-74.0,0.0,0.0,-80.0,-76.0,-48.0,-77.0,-78.0,0.0,0.0,0.0,-73.0,-79.0,-78.0,0.0,-73.0,-53.0,0.0,0.0,0.0,-67.0,-74.0,0.0,-76.0,-78.0,-57.0,0.0,0.0,0.0,-82.0,-76.0,0.0,0.0,0.0,-48.0,-77.0,-63.0,-80.0,0.0,0.0,-74.0,-75.0,-73.0,0.0,0.0,-79.0,-58.0,-72.0,-62.0,-56.0,-60.0,0.0,-52.0,0.0,0.0,-40.0,0.0,0.0,0.0,0.0,-78.0,0.0,0.0,0.0,-48.0
83855664686708,1.0,0.0,-52.0,-77.0,-77.0,-62.0,0.0,0.0,-68.0,0.0,0.0,-53.0,-87.0,-74.0,0.0,0.0,-80.0,-76.0,-43.0,-68.0,-78.0,0.0,-80.0,0.0,-73.0,-79.0,-69.0,0.0,-73.0,-48.0,0.0,0.0,0.0,-67.0,-74.0,0.0,-76.0,-78.0,-57.0,-77.0,0.0,0.0,-82.0,-76.0,0.0,0.0,0.0,-43.0,-77.0,-76.0,-80.0,-77.0,0.0,-74.0,-75.0,-73.0,0.0,0.0,-76.0,-58.0,-72.0,-62.0,-56.0,-60.0,0.0,-52.0,0.0,0.0,-39.0,0.0,0.0,0.0,0.0,-78.0,0.0,0.0,0.0,-48.0
83856005876812,1.0,0.0,-52.0,-77.0,-77.0,-62.0,0.0,0.0,-68.0,0.0,0.0,-53.0,0.0,-74.0,0.0,0.0,0.0,0.0,-43.0,-68.0,-78.0,0.0,-80.0,0.0,-73.0,-79.0,-69.0,0.0,-73.0,-48.0,0.0,0.0,0.0,-63.0,-74.0,0.0,-76.0,-78.0,-57.0,-77.0,0.0,0.0,0.0,-76.0,0.0,0.0,0.0,-43.0,0.0,-76.0,0.0,-77.0,0.0,-74.0,-75.0,-73.0,0.0,0.0,-76.0,-58.0,-72.0,-62.0,-56.0,-60.0,0.0,-52.0,0.0,0.0,-40.0,0.0,0.0,0.0,0.0,0.0,0.0,0.0,0.0,0.0
83856513150198,1.0,0.0,-52.0,-77.0,-77.0,-62.0,0.0,0.0,-68.0,0.0,0.0,-53.0,0.0,-74.0,0.0,0.0,0.0,0.0,-43.0,-68.0,-78.0,0.0,-80.0,0.0,-73.0,-79.0,-69.0,0.0,-73.0,-48.0,0.0,0.0,0.0,-63.0,-74.0,0.0,-76.0,-78.0,-57.0,-77.0,0.0,0.0,0.0,-76.0,0.0,0.0,0.0,-43.0,0.0,-76.0,0.0,-77.0,0.0,-74.0,-75.0,-73.0,0.0,0.0,-76.0,-58.0,-72.0,-62.0,-56.0,-60.0,0.0,-52.0,0.0,0.0,-42.0,0.0,0.0,0.0,0.0,0.0,0.0,0.0,0.0,0.0
83857013704052,1.0,0.0,-52.0,-77.0,-77.0,-62.0,0.0,0.0,-68.0,0.0,0.0,-53.0,0.0,-74.0,0.0,0.0,0.0,0.0,-43.0,-68.0,-78.0,0.0,-80.0,0.0,-73.0,-79.0,-69.0,0.0,-73.0,-48.0,0.0,0.0,0.0,-63.0,-74.0,0.0,-76.0,-78.0,-57.0,-77.0,0.0,0.0,0.0,-76.0,0.0,0.0,0.0,-43.0,0.0,-76.0,0.0,-77.0,0.0,-74.0,-75.0,-73.0,0.0,0.0,-76.0,-58.0,-72.0,-62.0,-56.0,-60.0,0.0,-52.0,0.0,0.0,-44.0,0.0,0.0,0.0,0.0,0.0,0.0,0.0,0.0,0.0
83857518200718,1.0,0.0,-52.0,-77.0,-77.0,-62.0,0.0,0.0,-68.0,0.0,0.0,-53.0,0.0,-74.0,0.0,0.0,0.0,0.0,-43.0,-68.0,-78.0,0.0,-80.0,0.0,-73.0,-79.0,-69.0,0.0,-73.0,-48.0,0.0,0.0,0.0,-63.0,-74.0,0.0,-76.0,-78.0,-57.0,-77.0,0.0,0.0,0.0,-76.0,0.0,0.0,0.0,-43.0,0.0,-76.0,0.0,-77.0,0.0,-74.0,-75.0,-73.0,0.0,0.0,-76.0,-58.0,-72.0,-62.0,-56.0,-60.0,0.0,-52.0,0.0,0.0,-46.0,0.0,0.0,0.0,0.0,0.0,0.0,0.0,0.0,0.0
83860660247331,1.0,0.0,-52.0,-77.0,-77.0,-62.0,0.0,0.0,-65.0,0.0,0.0,-53.0,0.0,-74.0,0.0,0.0,0.0,0.0,-44.0,-65.0,-78.0,0.0,-80.0,0.0,-73.0,-79.0,-65.0,0.0,-73.0,-48.0,0.0,0.0,0.0,-63.0,-74.0,0.0,-76.0,-78.0,-57.0,-77.0,0.0,-89.0,0.0,-76.0,0.0,0.0,0.0,-44.0,0.0,-76.0,0.0,-77.0,0.0,-74.0,-75.0,-73.0,0.0,0.0,-76.0,-58.0,-72.0,-62.0,-56.0,-60.0,0.0,-52.0,0.0,0.0,-39.0,0.0,0.0,0.0,0.0,0.0,0.0,0.0,0.0,0.0
83861008625404,1.0,0.0,-52.0,0.0,-77.0,0.0,0.0,0.0,-65.0,0.0,0.0,-53.0,0.0,-74.0,0.0,0.0,0.0,0.0,-44.0,-65.0,-78.0,0.0,-80.0,0.0,0.0,0.0,-65.0,0.0,0.0,-48.0,0.0,0.0,0.0,-51.0,-74.0,0.0,0.0,-78.0,0.0,-77.0,0.0,-89.0,0.0,0.0,0.0,0.0,0.0,-44.0,0.0,-76.0,0.0,-77.0,0.0,-74.0,-75.0,0.0,0.0,0.0,-76.0,0.0,0.0,0.0,0.0,0.0,0.0,-52.0,0.0,0.0,-47.0,0.0,0.0,0.0,0.0,0.0,0.0,0.0,0.0,0.0
83871932638942,1.0,0.0,-52.0,0.0,-73.0,0.0,0.0,-45.0,-68.0,0.0,0.0,-61.0,0.0,0.0,0.0,0.0,0.0,0.0,-45.0,-67.0,-68.0,0.0,-80.0,0.0,0.0,0.0,-67.0,0.0,0.0,-52.0,0.0,0.0,0.0,-51.0,0.0,0.0,0.0,-80.0,-72.0,-73.0,0.0,-85.0,0.0,0.0,0.0,0.0,0.0,-44.0,0.0,-76.0,0.0,-73.0,0.0,0.0,0.0,0.0,0.0,0.0,-80.0,-71.0,0.0,0.0,-71.0,-71.0,0.0,-52.0,0.0,0.0,-48.0,0.0,0.0,0.0,0.0,0.0,0.0,-81.0,0.0,0.0
83872092882015,1.0,0.0,-52.0,0.0,-73.0,0.0,0.0,-45.0,-68.0,0.0,0.0,-61.0,0.0,0.0,0.0,0.0,0.0,0.0,-45.0,-67.0,-68.0,0.0,-80.0,0.0,0.0,0.0,-67.0,0.0,0.0,-52.0,0.0,0.0,0.0,-51.0,0.0,0.0,0.0,-80.0,-72.0,-73.0,0.0,-85.0,0.0,0.0,0.0,0.0,0.0,-44.0,0.0,-76.0,0.0,-73.0,0.0,0.0,0.0,0.0,0.0,0.0,-80.0,-71.0,0.0,0.0,-71.0,-71.0,0.0,-52.0,0.0,0.0,-48.0,0.0,0.0,0.0,0.0,0.0,0.0,-81.0,0.0,0.0
83872576414775,1.0,0.0,-52.0,0.0,-73.0,0.0,0.0,-45.0,-68.0,0.0,0.0,-61.0,0.0,0.0,0.0,0.0,0.0,0.0,-45.0,-67.0,-68.0,0.0,-80.0,0.0,0.0,0.0,-67.0,0.0,0.0,-52.0,0.0,0.0,0.0,-51.0,0.0,0.0,0.0,-80.0,-72.0,-73.0,0.0,-85.0,0.0,0.0,0.0,0.0,0.0,-44.0,0.0,-76.0,0.0,-73.0,0.0,0.0,0.0,0.0,0.0,0.0,-80.0,-71.0,0.0,0.0,-71.0,-71.0,0.0,-52.0,0.0,0.0,-47.0,0.0,0.0,0.0,0.0,0.0,0.0,-81.0,0.0,0.0
83873083588056,1.0,0.0,-52.0,0.0,-73.0,0.0,0.0,-45.0,-68.0,0.0,0.0,-61.0,0.0,0.0,0.0,0.0,0.0,0.0,-45.0,-67.0,-68.0,0.0,-80.0,0.0,0.0,0.0,-67.0,0.0,0.0,-52.0,0.0,0.0,0.0,-51.0,0.0,0.0,0.0,-80.0,-72.0,-73.0,0.0,-85.0,0.0,0.0,0.0,0.0,0.0,-44.0,0.0,-76.0,0.0,-73.0,0.0,0.0,0.0,0.0,0.0,0.0,-80.0,-71.0,0.0,0.0,-71.0,-71.0,0.0,-52.0,0.0,0.0,-47.0,0.0,0.0,0.0,0.0,0.0,0.0,-81.0,0.0,0.0
83873585960347,1.0,0.0,-52.0,0.0,-73.0,0.0,0.0,-45.0,-68.0,0.0,0.0,-61.0,0.0,0.0,0.0,0.0,0.0,0.0,-45.0,-67.0,-68.0,0.0,-80.0,0.0,0.0,0.0,-67.0,0.0,0.0,-52.0,0.0,0.0,0.0,-51.0,0.0,0.0,0.0,-80.0,-72.0,-73.0,0.0,-85.0,0.0,0.0,0.0,0.0,0.0,-44.0,0.0,-76.0,0.0,-73.0,0.0,0.0,0.0,0.0,0.0,0.0,-80.0,-71.0,0.0,0.0,-71.0,-71.0,0.0,-52.0,0.0,0.0,-47.0,0.0,0.0,0.0,0.0,0.0,0.0,-81.0,0.0,0.0
83876810751961,1.0,0.0,-53.0,0.0,-73.0,0.0,0.0,-46.0,-72.0,0.0,0.0,-71.0,0.0,0.0,0.0,0.0,0.0,0.0,-46.0,-72.0,-68.0,0.0,-80.0,0.0,0.0,0.0,-72.0,0.0,0.0,-52.0,0.0,0.0,0.0,-51.0,0.0,0.0,0.0,-80.0,-72.0,-73.0,0.0,-88.0,0.0,0.0,0.0,0.0,0.0,-45.0,0.0,-76.0,0.0,-73.0,0.0,0.0,0.0,0.0,0.0,0.0,-80.0,-71.0,0.0,0.0,-86.0,-71.0,0.0,-54.0,0.0,0.0,-48.0,0.0,0.0,0.0,0.0,0.0,0.0,-81.0,0.0,-81.0
83877088346440,1.0,0.0,-53.0,0.0,-73.0,0.0,0.0,-46.0,-72.0,0.0,0.0,-71.0,0.0,0.0,0.0,0.0,0.0,0.0,-46.0,-72.0,-68.0,0.0,-80.0,0.0,0.0,0.0,-72.0,0.0,0.0,-52.0,0.0,0.0,0.0,0.0,0.0,0.0,0.0,-80.0,-72.0,-73.0,0.0,-88.0,0.0,0.0,0.0,0.0,0.0,-45.0,0.0,-76.0,0.0,-73.0,0.0,0.0,0.0,0.0,0.0,0.0,-80.0,-71.0,0.0,0.0,-86.0,-71.0,0.0,-54.0,0.0,0.0,-46.0,0.0,0.0,0.0,0.0,0.0,0.0,-81.0,0.0,-81.0
83877597276908,1.0,0.0,-53.0,0.0,-73.0,0.0,0.0,-46.0,-72.0,0.0,0.0,-71.0,0.0,0.0,0.0,0.0,0.0,0.0,-46.0,-72.0,-68.0,0.0,-80.0,0.0,0.0,0.0,-72.0,0.0,0.0,-52.0,0.0,0.0,0.0,0.0,0.0,0.0,0.0,-80.0,-72.0,-73.0,0.0,-88.0,0.0,0.0,0.0,0.0,0.0,-45.0,0.0,-76.0,0.0,-73.0,0.0,0.0,0.0,0.0,0.0,0.0,-80.0,-71.0,0.0,0.0,-86.0,-71.0,0.0,-54.0,0.0,0.0,-47.0,0.0,0.0,0.0,0.0,0.0,0.0,-81.0,0.0,-81.0
83878099995085,1.0,0.0,-53.0,0.0,-73.0,0.0,0.0,-46.0,-72.0,0.0,0.0,-71.0,0.0,0.0,0.0,0.0,0.0,0.0,-46.0,-72.0,-68.0,0.0,-80.0,0.0,0.0,0.0,-72.0,0.0,0.0,-52.0,0.0,0.0,0.0,0.0,0.0,0.0,0.0,-80.0,-72.0,-73.0,0.0,-88.0,0.0,0.0,0.0,0.0,0.0,-45.0,0.0,-76.0,0.0,-73.0,0.0,0.0,0.0,0.0,0.0,0.0,-80.0,-71.0,0.0,0.0,-86.0,-71.0,0.0,-54.0,0.0,0.0,-47.0,0.0,0.0,0.0,0.0,0.0,0.0,-81.0,0.0,-81.0
83878595829877,1.0,0.0,-53.0,0.0,-73.0,0.0,0.0,-46.0,-72.0,0.0,0.0,-71.0,0.0,0.0,0.0,0.0,0.0,0.0,-46.0,-72.0,-68.0,0.0,-80.0,0.0,0.0,0.0,-72.0,0.0,0.0,-52.0,0.0,0.0,0.0,0.0,0.0,0.0,0.0,-80.0,-72.0,-73.0,0.0,-88.0,0.0,0.0,0.0,0.0,0.0,-45.0,0.0,-76.0,0.0,-73.0,0.0,0.0,0.0,0.0,0.0,0.0,-80.0,-71.0,0.0,0.0,-86.0,-71.0,0.0,-54.0,0.0,0.0,-45.0,0.0,0.0,0.0,0.0,0.0,0.0,-81.0,0.0,-81.0
83881916794511,1.0,0.0,-56.0,0.0,-73.0,-73.0,0.0,-46.0,-64.0,0.0,0.0,-62.0,-90.0,0.0,0.0,0.0,0.0,0.0,-45.0,-66.0,-68.0,0.0,-71.0,0.0,-79.0,0.0,-67.0,0.0,0.0,-56.0,0.0,-81.0,0.0,-57.0,0.0,0.0,0.0,-80.0,-72.0,-73.0,0.0,-88.0,0.0,0.0,0.0,0.0,0.0,-45.0,0.0,-74.0,0.0,-71.0,0.0,0.0,0.0,-77.0,0.0,0.0,-80.0,-71.0,-78.0,-73.0,-86.0,-71.0,0.0,-56.0,0.0,0.0,-45.0,0.0,0.0,0.0,0.0,0.0,-82.0,-81.0,0.0,-81.0
83882120997688,1.0,0.0,-56.0,0.0,-73.0,-73.0,0.0,-46.0,-64.0,0.0,0.0,-62.0,-90.0,0.0,0.0,0.0,0.0,0.0,-45.0,-66.0,-68.0,0.0,-71.0,0.0,-79.0,0.0,-67.0,0.0,0.0,-56.0,0.0,-81.0,0.0,-57.0,0.0,0.0,0.0,-80.0,-72.0,-73.0,0.0,-88.0,0.0,0.0,0.0,0.0,0.0,-45.0,0.0,-74.0,0.0,-71.0,0.0,0.0,0.0,-77.0,0.0,0.0,-80.0,-71.0,-78.0,-73.0,-86.0,-71.0,0.0,-56.0,0.0,0.0,-46.0,0.0,0.0,0.0,0.0,0.0,-82.0,-81.0,0.0,-81.0
83882620616750,1.0,0.0,-56.0,0.0,-73.0,-73.0,0.0,-46.0,-64.0,0.0,0.0,-62.0,-90.0,0.0,0.0,0.0,0.0,0.0,-45.0,-66.0,-68.0,0.0,-71.0,0.0,-79.0,0.0,-67.0,0.0,0.0,-56.0,0.0,-81.0,0.0,-57.0,0.0,0.0,0.0,-80.0,-72.0,-73.0,0.0,-88.0,0.0,0.0,0.0,0.0,0.0,-45.0,0.0,-74.0,0.0,-71.0,0.0,0.0,0.0,-77.0,0.0,0.0,-80.0,-71.0,-78.0,-73.0,-86.0,-71.0,0.0,-56.0,0.0,0.0,-47.0,0.0,0.0,0.0,0.0,0.0,-82.0,-81.0,0.0,-81.0
83883115930083,1.0,0.0,-56.0,0.0,-73.0,-73.0,0.0,-46.0,-64.0,0.0,0.0,-62.0,-90.0,0.0,0.0,0.0,0.0,0.0,-45.0,-66.0,-68.0,0.0,-71.0,0.0,-79.0,0.0,-67.0,0.0,0.0,-56.0,0.0,-81.0,0.0,-57.0,0.0,0.0,0.0,-80.0,-72.0,-73.0,0.0,-88.0,0.0,0.0,0.0,0.0,0.0,-45.0,0.0,-74.0,0.0,-71.0,0.0,0.0,0.0,-77.0,0.0,0.0,-80.0,-71.0,-78.0,-73.0,-86.0,-71.0,0.0,-56.0,0.0,0.0,-50.0,0.0,0.0,0.0,0.0,0.0,-82.0,-81.0,0.0,-81.0
83883626227896,1.0,0.0,-56.0,0.0,-73.0,-73.0,0.0,-46.0,-64.0,0.0,0.0,-62.0,-90.0,0.0,0.0,0.0,0.0,0.0,-45.0,-66.0,-68.0,0.0,-71.0,0.0,-79.0,0.0,-67.0,0.0,0.0,-56.0,0.0,-81.0,0.0,-57.0,0.0,0.0,0.0,-80.0,-72.0,-73.0,0.0,-88.0,0.0,0.0,0.0,0.0,0.0,-45.0,0.0,-74.0,0.0,-71.0,0.0,0.0,0.0,-77.0,0.0,0.0,-80.0,-71.0,-78.0,-73.0,-86.0,-71.0,0.0,-56.0,0.0,0.0,-55.0,0.0,0.0,0.0,0.0,0.0,-82.0,-81.0,0.0,-81.0
83886877138519,1.0,-81.0,-56.0,0.0,-73.0,-53.0,0.0,-46.0,-64.0,-77.0,-76.0,-62.0,-76.0,-75.0,0.0,-76.0,0.0,0.0,-57.0,-66.0,-68.0,0.0,-71.0,-69.0,-71.0,0.0,-67.0,0.0,0.0,-56.0,0.0,-81.0,-70.0,-70.0,0.0,-79.0,0.0,-80.0,-72.0,-73.0,0.0,-67.0,-78.0,0.0,0.0,0.0,-82.0,-57.0,0.0,-53.0,0.0,-71.0,0.0,-75.0,0.0,-70.0,0.0,0.0,-80.0,-71.0,-70.0,-53.0,-86.0,-71.0,-71.0,-67.0,0.0,0.0,-45.0,-76.0,0.0,0.0,0.0,0.0,-82.0,-81.0,-79.0,-81.0
83887135137269,1.0,-81.0,-56.0,0.0,-73.0,-53.0,0.0,-46.0,-64.0,-77.0,-76.0,-62.0,-76.0,-75.0,0.0,-76.0,0.0,0.0,-57.0,-66.0,-68.0,0.0,-71.0,-69.0,-71.0,0.0,-67.0,0.0,0.0,-56.0,0.0,-81.0,-70.0,-70.0,0.0,-79.0,0.0,-80.0,-72.0,-73.0,0.0,-67.0,-78.0,0.0,0.0,0.0,-82.0,-57.0,0.0,-53.0,0.0,-71.0,0.0,-75.0,0.0,-70.0,0.0,0.0,-80.0,-71.0,-70.0,-53.0,-86.0,-71.0,-71.0,-67.0,0.0,0.0,-60.0,-76.0,0.0,0.0,0.0,0.0,-82.0,-81.0,-79.0,-81.0
83887646926488,1.0,-81.0,-56.0,0.0,-73.0,-53.0,0.0,-46.0,-64.0,-77.0,-76.0,-62.0,-76.0,-75.0,0.0,-76.0,0.0,0.0,-57.0,-66.0,-68.0,0.0,-71.0,-69.0,-71.0,0.0,-67.0,0.0,0.0,-56.0,0.0,-81.0,-70.0,-70.0,0.0,-79.0,0.0,-80.0,-72.0,-73.0,0.0,-67.0,-78.0,0.0,0.0,0.0,-82.0,-57.0,0.0,-53.0,0.0,-71.0,0.0,-75.0,0.0,-70.0,0.0,0.0,-80.0,-71.0,-70.0,-53.0,-86.0,-71.0,-71.0,-67.0,0.0,0.0,-63.0,-76.0,0.0,0.0,0.0,0.0,-82.0,-81.0,-79.0,-81.0
83888158247738,1.0,-81.0,-56.0,0.0,-73.0,-53.0,0.0,-46.0,-64.0,-77.0,-76.0,-62.0,-76.0,-75.0,0.0,-76.0,0.0,0.0,-57.0,-66.0,-68.0,0.0,-71.0,-69.0,-71.0,0.0,-67.0,0.0,0.0,-56.0,0.0,-81.0,-70.0,-70.0,0.0,-79.0,0.0,-80.0,-72.0,-73.0,0.0,-67.0,-78.0,0.0,0.0,0.0,-82.0,-57.0,0.0,-53.0,0.0,-71.0,0.0,-75.0,0.0,-70.0,0.0,0.0,-80.0,-71.0,-70.0,-53.0,-86.0,-71.0,-71.0,-67.0,0.0,0.0,-65.0,-76.0,0.0,0.0,0.0,0.0,-82.0,-81.0,-79.0,-81.0
83888648658206,1.0,-81.0,-56.0,0.0,-73.0,-53.0,0.0,-46.0,-64.0,-77.0,-76.0,-62.0,-76.0,-75.0,0.0,-76.0,0.0,0.0,-57.0,-66.0,-68.0,0.0,-71.0,-69.0,-71.0,0.0,-67.0,0.0,0.0,-56.0,0.0,-81.0,-70.0,-70.0,0.0,-79.0,0.0,-80.0,-72.0,-73.0,0.0,-67.0,-78.0,0.0,0.0,0.0,-82.0,-57.0,0.0,-53.0,0.0,-71.0,0.0,-75.0,0.0,-70.0,0.0,0.0,-80.0,-71.0,-70.0,-53.0,-86.0,-71.0,-71.0,-67.0,0.0,0.0,-67.0,-76.0,0.0,0.0,0.0,0.0,-82.0,-81.0,-79.0,-81.0
83891632162424,1.0,-81.0,-56.0,0.0,-73.0,-50.0,0.0,-77.0,-64.0,-77.0,-76.0,-66.0,-76.0,-72.0,0.0,-76.0,0.0,0.0,-69.0,-66.0,-68.0,0.0,-71.0,-76.0,-71.0,-72.0,-67.0,0.0,0.0,-56.0,0.0,-81.0,-77.0,-70.0,-88.0,-79.0,-76.0,-80.0,-54.0,-73.0,0.0,-87.0,-78.0,-77.0,-94.0,0.0,-82.0,-69.0,0.0,-49.0,0.0,-71.0,0.0,-85.0,0.0,-70.0,0.0,0.0,-80.0,-50.0,-70.0,-49.0,-58.0,-71.0,-71.0,-67.0,0.0,0.0,-70.0,-78.0,0.0,-78.0,-76.0,0.0,-82.0,-81.0,-79.0,-81.0
83891688371330,1.0,-81.0,-56.0,0.0,0.0,-50.0,0.0,-77.0,-64.0,-77.0,-76.0,-66.0,-76.0,-72.0,0.0,-76.0,0.0,0.0,-69.0,-66.0,-68.0,0.0,-71.0,-76.0,-71.0,-72.0,-67.0,0.0,0.0,-56.0,0.0,-81.0,-77.0,-70.0,-88.0,-79.0,-76.0,0.0,-54.0,-73.0,0.0,-87.0,-78.0,-77.0,-94.0,0.0,-82.0,-69.0,0.0,-49.0,0.0,-71.0,0.0,-85.0,0.0,-70.0,0.0,0.0,0.0,-50.0,-70.0,-49.0,-58.0,0.0,-71.0,-67.0,0.0,0.0,-70.0,-78.0,0.0,-78.0,-76.0,0.0,-82.0,0.0,-79.0,-73.0
83892171260861,1.0,-81.0,-56.0,0.0,0.0,-50.0,0.0,-77.0,-64.0,-77.0,-76.0,-66.0,-76.0,-72.0,0.0,-76.0,0.0,0.0,-69.0,-66.0,-68.0,0.0,-71.0,-76.0,-71.0,-72.0,-67.0,0.0,0.0,-56.0,0.0,-81.0,-77.0,-70.0,-88.0,-79.0,-76.0,0.0,-54.0,-73.0,0.0,-87.0,-78.0,-77.0,-94.0,0.0,-82.0,-69.0,0.0,-49.0,0.0,-71.0,0.0,-85.0,0.0,-70.0,0.0,0.0,0.0,-50.0,-70.0,-49.0,-58.0,0.0,-71.0,-67.0,0.0,0.0,-70.0,-78.0,0.0,-78.0,-76.0,0.0,-82.0,0.0,-79.0,-73.0
83892662243830,1.0,-81.0,-56.0,0.0,0.0,-50.0,0.0,-77.0,-64.0,-77.0,-76.0,-66.0,-76.0,-72.0,0.0,-76.0,0.0,0.0,-69.0,-66.0,-68.0,0.0,-71.0,-76.0,-71.0,-72.0,-67.0,0.0,0.0,-56.0,0.0,-81.0,-77.0,-70.0,-88.0,-79.0,-76.0,0.0,-54.0,-73.0,0.0,-87.0,-78.0,-77.0,-94.0,0.0,-82.0,-69.0,0.0,-49.0,0.0,-71.0,0.0,-85.0,0.0,-70.0,0.0,0.0,0.0,-50.0,-70.0,-49.0,-58.0,0.0,-71.0,-67.0,0.0,0.0,-71.0,-78.0,0.0,-78.0,-76.0,0.0,-82.0,0.0,-79.0,-73.0
83893157382892,1.0,-81.0,-56.0,0.0,0.0,-50.0,0.0,-77.0,-64.0,-77.0,-76.0,-66.0,-76.0,-72.0,0.0,-76.0,0.0,0.0,-69.0,-66.0,-68.0,0.0,-71.0,-76.0,-71.0,-72.0,-67.0,0.0,0.0,-56.0,0.0,-81.0,-77.0,-70.0,-88.0,-79.0,-76.0,0.0,-54.0,-73.0,0.0,-87.0,-78.0,-77.0,-94.0,0.0,-82.0,-69.0,0.0,-49.0,0.0,-71.0,0.0,-85.0,0.0,-70.0,0.0,0.0,0.0,-50.0,-70.0,-49.0,-58.0,0.0,-71.0,-67.0,0.0,0.0,-72.0,-78.0,0.0,-78.0,-76.0,0.0,-82.0,0.0,-79.0,-73.0
83896499779401,1.0,-81.0,-66.0,0.0,0.0,-61.0,0.0,-77.0,-64.0,-77.0,-76.0,-72.0,-76.0,-69.0,0.0,-76.0,0.0,0.0,-65.0,-66.0,-68.0,0.0,-71.0,-76.0,-67.0,-78.0,-67.0,0.0,-69.0,-66.0,0.0,-81.0,-77.0,-69.0,-72.0,-79.0,-83.0,0.0,-70.0,-73.0,0.0,-83.0,-87.0,-83.0,-94.0,0.0,-82.0,-65.0,0.0,-61.0,0.0,-71.0,0.0,-72.0,-71.0,-70.0,0.0,-91.0,0.0,-70.0,-66.0,-61.0,-72.0,0.0,-71.0,-68.0,0.0,-89.0,-70.0,-78.0,0.0,-78.0,-83.0,0.0,-82.0,0.0,-79.0,-73.0
83896686558047,1.0,-81.0,-66.0,0.0,0.0,-61.0,0.0,-77.0,-64.0,-77.0,-76.0,-72.0,-76.0,-69.0,0.0,-76.0,0.0,0.0,-65.0,-66.0,-68.0,0.0,-71.0,-76.0,-67.0,-78.0,-67.0,0.0,-69.0,-66.0,0.0,-81.0,-77.0,-69.0,-72.0,-79.0,-83.0,0.0,-70.0,-73.0,0.0,-83.0,-87.0,-83.0,-94.0,0.0,-82.0,-65.0,0.0,-61.0,0.0,-71.0,0.0,-72.0,-71.0,-70.0,0.0,-91.0,0.0,-70.0,-66.0,-61.0,-72.0,0.0,-71.0,-68.0,0.0,-89.0,-71.0,-78.0,0.0,-78.0,-83.0,0.0,-82.0,0.0,-79.0,-49.0
83897183562838,1.0,-81.0,-66.0,0.0,0.0,-61.0,0.0,-77.0,-64.0,-77.0,-76.0,-72.0,-76.0,-69.0,0.0,-76.0,0.0,0.0,-65.0,-66.0,-68.0,0.0,-71.0,-76.0,-67.0,-78.0,-67.0,0.0,-69.0,-66.0,0.0,-81.0,-77.0,-69.0,-72.0,-79.0,-83.0,0.0,-70.0,-73.0,0.0,-83.0,-87.0,-83.0,-94.0,0.0,-82.0,-65.0,0.0,-61.0,0.0,-71.0,0.0,-72.0,-71.0,-70.0,0.0,-91.0,0.0,-70.0,-66.0,-61.0,-72.0,0.0,-71.0,-68.0,0.0,-89.0,-69.0,-78.0,0.0,-78.0,-83.0,0.0,-82.0,0.0,-79.0,-49.0
83897683376849,1.0,-81.0,-66.0,0.0,0.0,-61.0,0.0,-77.0,-64.0,-77.0,-76.0,-72.0,-76.0,-69.0,0.0,-76.0,0.0,0.0,-65.0,-66.0,-68.0,0.0,-71.0,-76.0,-67.0,-78.0,-67.0,0.0,-69.0,-66.0,0.0,-81.0,-77.0,-69.0,-72.0,-79.0,-83.0,0.0,-70.0,-73.0,0.0,-83.0,-87.0,-83.0,-94.0,0.0,-82.0,-65.0,0.0,-61.0,0.0,-71.0,0.0,-72.0,-71.0,-70.0,0.0,-91.0,0.0,-70.0,-66.0,-61.0,-72.0,0.0,-71.0,-68.0,0.0,-89.0,-67.0,-78.0,0.0,-78.0,-83.0,0.0,-82.0,0.0,-79.0,-49.0
83898184272213,1.0,-81.0,-66.0,0.0,0.0,-61.0,0.0,-77.0,-64.0,-77.0,-76.0,-72.0,-76.0,-69.0,0.0,-76.0,0.0,0.0,-65.0,-66.0,-68.0,0.0,-71.0,-76.0,-67.0,-78.0,-67.0,0.0,-69.0,-66.0,0.0,-81.0,-77.0,-69.0,-72.0,-79.0,-83.0,0.0,-70.0,-73.0,0.0,-83.0,-87.0,-83.0,-94.0,0.0,-82.0,-65.0,0.0,-61.0,0.0,-71.0,0.0,-72.0,-71.0,-70.0,0.0,-91.0,0.0,-70.0,-66.0,-61.0,-72.0,0.0,-71.0,-68.0,0.0,-89.0,-65.0,-78.0,0.0,-78.0,-83.0,0.0,-82.0,0.0,-79.0,-49.0
83901405407785,1.0,-81.0,-62.0,0.0,0.0,-61.0,0.0,-77.0,-64.0,-77.0,-76.0,-53.0,-76.0,-73.0,0.0,-76.0,0.0,0.0,-59.0,-66.0,-68.0,0.0,-71.0,-76.0,-67.0,-78.0,-67.0,0.0,-69.0,-62.0,0.0,-81.0,-77.0,-69.0,-77.0,-79.0,-83.0,0.0,-70.0,-73.0,0.0,-92.0,-87.0,-83.0,-94.0,0.0,-82.0,-59.0,0.0,-61.0,0.0,-71.0,0.0,-78.0,-80.0,-70.0,0.0,-91.0,0.0,-70.0,-66.0,-61.0,-72.0,0.0,-71.0,-63.0,0.0,-89.0,-61.0,-78.0,0.0,-78.0,-83.0,0.0,-82.0,0.0,-79.0,-49.0
83901703724920,1.0,-81.0,-62.0,0.0,0.0,-61.0,0.0,-77.0,0.0,-77.0,-76.0,-53.0,-76.0,-73.0,0.0,-76.0,0.0,0.0,-59.0,0.0,0.0,0.0,0.0,-76.0,-67.0,-78.0,0.0,0.0,-69.0,-62.0,0.0,0.0,-77.0,-69.0,-77.0,-79.0,-83.0,0.0,-70.0,0.0,0.0,-92.0,-87.0,-83.0,-94.0,0.0,-82.0,-59.0,0.0,-61.0,0.0,0.0,0.0,-78.0,-80.0,-70.0,0.0,-91.0,0.0,-70.0,-66.0,-61.0,-72.0,0.0,-71.0,-63.0,0.0,-89.0,-58.0,-78.0,0.0,-78.0,-83.0,0.0,0.0,0.0,-79.0,-49.0
83902196554555,1.0,-81.0,-62.0,0.0,0.0,-61.0,0.0,-77.0,0.0,-77.0,-76.0,-53.0,-76.0,-73.0,0.0,-76.0,0.0,0.0,-59.0,0.0,0.0,0.0,0.0,-76.0,-67.0,-78.0,0.0,0.0,-69.0,-62.0,0.0,0.0,-77.0,-69.0,-77.0,-79.0,-83.0,0.0,-70.0,0.0,0.0,-92.0,-87.0,-83.0,-94.0,0.0,-82.0,-59.0,0.0,-61.0,0.0,0.0,0.0,-78.0,-80.0,-70.0,0.0,-91.0,0.0,-70.0,-66.0,-61.0,-72.0,0.0,-71.0,-63.0,0.0,-89.0,-57.0,-78.0,0.0,-78.0,-83.0,0.0,0.0,0.0,-79.0,-49.0
83902699591117,1.0,-81.0,-62.0,0.0,0.0,-61.0,0.0,-77.0,0.0,-77.0,-76.0,-53.0,-76.0,-73.0,0.0,-76.0,0.0,0.0,-59.0,0.0,0.0,0.0,0.0,-76.0,-67.0,-78.0,0.0,0.0,-69.0,-62.0,0.0,0.0,-77.0,-69.0,-77.0,-79.0,-83.0,0.0,-70.0,0.0,0.0,-92.0,-87.0,-83.0,-94.0,0.0,-82.0,-59.0,0.0,-61.0,0.0,0.0,0.0,-78.0,-80.0,-70.0,0.0,-91.0,0.0,-70.0,-66.0,-61.0,-72.0,0.0,-71.0,-63.0,0.0,-89.0,-55.0,-78.0,0.0,-78.0,-83.0,0.0,0.0,0.0,-79.0,-49.0
83903191823096,1.0,-81.0,-62.0,0.0,0.0,-61.0,0.0,-77.0,0.0,-77.0,-76.0,-53.0,-76.0,-73.0,0.0,-76.0,0.0,0.0,-59.0,0.0,0.0,0.0,0.0,-76.0,-67.0,-78.0,0.0,0.0,-69.0,-62.0,0.0,0.0,-77.0,-69.0,-77.0,-79.0,-83.0,0.0,-70.0,0.0,0.0,-92.0,-87.0,-83.0,-94.0,0.0,-82.0,-59.0,0.0,-61.0,0.0,0.0,0.0,-78.0,-80.0,-70.0,0.0,-91.0,0.0,-70.0,-66.0,-61.0,-72.0,0.0,-71.0,-63.0,0.0,-89.0,-54.0,-78.0,0.0,-78.0,-83.0,0.0,0.0,0.0,-79.0,-49.0
83906559276012,1.0,-81.0,-58.0,0.0,0.0,-61.0,0.0,-77.0,-79.0,-77.0,-76.0,-50.0,-76.0,-73.0,0.0,-76.0,0.0,0.0,-50.0,-79.0,-78.0,0.0,0.0,-76.0,-67.0,-78.0,-79.0,0.0,-69.0,-58.0,0.0,0.0,-77.0,-69.0,-77.0,-79.0,-83.0,0.0,-70.0,0.0,0.0,-92.0,-87.0,-83.0,-94.0,0.0,-82.0,-50.0,0.0,-61.0,0.0,0.0,0.0,-78.0,-80.0,-70.0,0.0,-91.0,0.0,-77.0,-66.0,-61.0,-76.0,0.0,-71.0,-58.0,0.0,-89.0,-58.0,-78.0,0.0,-78.0,-83.0,0.0,-77.0,0.0,-79.0,-49.0
83906707528876,1.0,0.0,-58.0,0.0,0.0,-61.0,0.0,-64.0,-79.0,0.0,0.0,-50.0,0.0,-73.0,0.0,0.0,0.0,0.0,-50.0,-79.0,-78.0,0.0,0.0,-76.0,-67.0,-78.0,-79.0,0.0,-69.0,-58.0,0.0,0.0,-77.0,-69.0,-77.0,0.0,-83.0,0.0,-70.0,0.0,0.0,-92.0,-87.0,-83.0,-94.0,0.0,0.0,-50.0,0.0,-61.0,0.0,0.0,0.0,-78.0,-80.0,-70.0,0.0,-91.0,0.0,-77.0,-66.0,-61.0,-76.0,0.0,0.0,-58.0,0.0,-89.0,-51.0,-78.0,0.0,-78.0,-83.0,0.0,-77.0,0.0,0.0,0.0
83907206650960,1.0,0.0,-58.0,0.0,0.0,-61.0,0.0,-64.0,-79.0,0.0,0.0,-50.0,0.0,-73.0,0.0,0.0,0.0,0.0,-50.0,-79.0,-78.0,0.0,0.0,-76.0,-67.0,-78.0,-79.0,0.0,-69.0,-58.0,0.0,0.0,-77.0,-69.0,-77.0,0.0,-83.0,0.0,-70.0,0.0,0.0,-92.0,-87.0,-83.0,-94.0,0.0,0.0,-50.0,0.0,-61.0,0.0,0.0,0.0,-78.0,-80.0,-70.0,0.0,-91.0,0.0,-77.0,-66.0,-61.0,-76.0,0.0,0.0,-58.0,0.0,-89.0,-48.0,-78.0,0.0,-78.0,-83.0,0.0,-77.0,0.0,0.0,0.0
83907699771116,1.0,0.0,-58.0,0.0,0.0,-61.0,0.0,-64.0,-79.0,0.0,0.0,-50.0,0.0,-73.0,0.0,0.0,0.0,0.0,-50.0,-79.0,-78.0,0.0,0.0,-76.0,-67.0,-78.0,-79.0,0.0,-69.0,-58.0,0.0,0.0,-77.0,-69.0,-77.0,0.0,-83.0,0.0,-70.0,0.0,0.0,-92.0,-87.0,-83.0,-94.0,0.0,0.0,-50.0,0.0,-61.0,0.0,0.0,0.0,-78.0,-80.0,-70.0,0.0,-91.0,0.0,-77.0,-66.0,-61.0,-76.0,0.0,0.0,-58.0,0.0,-89.0,-46.0,-78.0,0.0,-78.0,-83.0,0.0,-77.0,0.0,0.0,0.0
83908206943824,1.0,0.0,-58.0,0.0,0.0,-61.0,0.0,-64.0,-79.0,0.0,0.0,-50.0,0.0,-73.0,0.0,0.0,0.0,0.0,-50.0,-79.0,-78.0,0.0,0.0,-76.0,-67.0,-78.0,-79.0,0.0,-69.0,-58.0,0.0,0.0,-77.0,-69.0,-77.0,0.0,-83.0,0.0,-70.0,0.0,0.0,-92.0,-87.0,-83.0,-94.0,0.0,0.0,-50.0,0.0,-61.0,0.0,0.0,0.0,-78.0,-80.0,-70.0,0.0,-91.0,0.0,-77.0,-66.0,-61.0,-76.0,0.0,0.0,-58.0,0.0,-89.0,-44.0,-78.0,0.0,-78.0,-83.0,0.0,-77.0,0.0,0.0,0.0
83911503268822,1.0,0.0,-58.0,0.0,0.0,-77.0,-86.0,-64.0,-77.0,0.0,0.0,-70.0,0.0,-73.0,0.0,0.0,0.0,0.0,-41.0,-77.0,-78.0,0.0,0.0,-76.0,-67.0,-78.0,-77.0,0.0,-69.0,-58.0,0.0,-87.0,-77.0,-69.0,-77.0,0.0,-83.0,0.0,-70.0,0.0,0.0,-87.0,-87.0,-83.0,-94.0,0.0,0.0,-41.0,0.0,-61.0,0.0,0.0,-86.0,-78.0,-80.0,-70.0,0.0,-91.0,0.0,-77.0,-66.0,-75.0,-76.0,0.0,0.0,-47.0,0.0,-89.0,-40.0,-78.0,0.0,-78.0,-83.0,0.0,-75.0,0.0,0.0,0.0
83911729531114,1.0,0.0,-58.0,0.0,0.0,-77.0,-86.0,-64.0,-77.0,0.0,0.0,-70.0,0.0,-73.0,0.0,0.0,0.0,0.0,-41.0,-77.0,-78.0,0.0,0.0,0.0,-67.0,-78.0,-77.0,0.0,-69.0,-58.0,0.0,-87.0,0.0,-61.0,-77.0,0.0,-83.0,0.0,-70.0,0.0,0.0,-87.0,-87.0,-83.0,0.0,0.0,0.0,-41.0,0.0,-61.0,0.0,0.0,-86.0,-78.0,-80.0,-70.0,0.0,-91.0,0.0,-77.0,-66.0,-75.0,-76.0,0.0,0.0,-47.0,0.0,-89.0,-40.0,0.0,0.0,0.0,-83.0,0.0,-75.0,0.0,0.0,0.0
83912229456114,1.0,0.0,-58.0,0.0,0.0,-77.0,-86.0,-64.0,-77.0,0.0,0.0,-70.0,0.0,-73.0,0.0,0.0,0.0,0.0,-41.0,-77.0,-78.0,0.0,0.0,0.0,-67.0,-78.0,-77.0,0.0,-69.0,-58.0,0.0,-87.0,0.0,-61.0,-77.0,0.0,-83.0,0.0,-70.0,0.0,0.0,-87.0,-87.0,-83.0,0.0,0.0,0.0,-41.0,0.0,-61.0,0.0,0.0,-86.0,-78.0,-80.0,-70.0,0.0,-91.0,0.0,-77.0,-66.0,-75.0,-76.0,0.0,0.0,-47.0,0.0,-89.0,-40.0,0.0,0.0,0.0,-83.0,0.0,-75.0,0.0,0.0,0.0
83912729166322,1.0,0.0,-58.0,0.0,0.0,-77.0,-86.0,-64.0,-77.0,0.0,0.0,-70.0,0.0,-73.0,0.0,0.0,0.0,0.0,-41.0,-77.0,-78.0,0.0,0.0,0.0,-67.0,-78.0,-77.0,0.0,-69.0,-58.0,0.0,-87.0,0.0,-61.0,-77.0,0.0,-83.0,0.0,-70.0,0.0,0.0,-87.0,-87.0,-83.0,0.0,0.0,0.0,-41.0,0.0,-61.0,0.0,0.0,-86.0,-78.0,-80.0,-70.0,0.0,-91.0,0.0,-77.0,-66.0,-75.0,-76.0,0.0,0.0,-47.0,0.0,-89.0,-41.0,0.0,0.0,0.0,-83.0,0.0,-75.0,0.0,0.0,0.0
83913236280176,1.0,0.0,-58.0,0.0,0.0,-77.0,-86.0,-64.0,-77.0,0.0,0.0,-70.0,0.0,-73.0,0.0,0.0,0.0,0.0,-41.0,-77.0,-78.0,0.0,0.0,0.0,-67.0,-78.0,-77.0,0.0,-69.0,-58.0,0.0,-87.0,0.0,-61.0,-77.0,0.0,-83.0,0.0,-70.0,0.0,0.0,-87.0,-87.0,-83.0,0.0,0.0,0.0,-41.0,0.0,-61.0,0.0,0.0,-86.0,-78.0,-80.0,-70.0,0.0,-91.0,0.0,-77.0,-66.0,-75.0,-76.0,0.0,0.0,-47.0,0.0,-89.0,-43.0,0.0,0.0,0.0,-83.0,0.0,-75.0,0.0,0.0,0.0
83916434464498,1.0,0.0,-50.0,0.0,0.0,-77.0,-86.0,-64.0,-74.0,0.0,0.0,-63.0,0.0,-73.0,0.0,0.0,0.0,0.0,-49.0,-74.0,-78.0,0.0,0.0,0.0,-67.0,-78.0,-74.0,0.0,-69.0,-50.0,0.0,-87.0,0.0,-61.0,-77.0,0.0,-83.0,0.0,-76.0,0.0,0.0,-87.0,-87.0,-83.0,0.0,0.0,0.0,-49.0,0.0,-61.0,0.0,-77.0,-86.0,-78.0,-80.0,-70.0,0.0,-91.0,0.0,-77.0,-66.0,-75.0,-76.0,0.0,0.0,-47.0,0.0,-89.0,-39.0,0.0,0.0,0.0,-83.0,0.0,-75.0,0.0,0.0,0.0
83916731235331,1.0,0.0,-50.0,0.0,0.0,-77.0,-86.0,0.0,-74.0,0.0,0.0,-63.0,0.0,-73.0,0.0,0.0,0.0,0.0,-49.0,-74.0,-78.0,0.0,0.0,0.0,0.0,0.0,-74.0,0.0,0.0,-50.0,0.0,-87.0,0.0,-58.0,-77.0,0.0,0.0,0.0,-76.0,0.0,0.0,-87.0,0.0,0.0,0.0,0.0,0.0,-49.0,0.0,0.0,0.0,-77.0,-86.0,-78.0,-80.0,0.0,0.0,0.0,0.0,-77.0,0.0,-75.0,-76.0,0.0,0.0,-47.0,0.0,0.0,-46.0,0.0,0.0,0.0,0.0,0.0,-75.0,0.0,0.0,0.0
83917227415956,1.0,0.0,-50.0,0.0,0.0,-77.0,-86.0,0.0,-74.0,0.0,0.0,-63.0,0.0,-73.0,0.0,0.0,0.0,0.0,-49.0,-74.0,-78.0,0.0,0.0,0.0,0.0,0.0,-74.0,0.0,0.0,-50.0,0.0,-87.0,0.0,-58.0,-77.0,0.0,0.0,0.0,-76.0,0.0,0.0,-87.0,0.0,0.0,0.0,0.0,0.0,-49.0,0.0,0.0,0.0,-77.0,-86.0,-78.0,-80.0,0.0,0.0,0.0,0.0,-77.0,0.0,-75.0,-76.0,0.0,0.0,-47.0,0.0,0.0,-46.0,0.0,0.0,0.0,0.0,0.0,-75.0,0.0,0.0,0.0
83917749624393,1.0,0.0,-50.0,0.0,0.0,-77.0,-86.0,0.0,-74.0,0.0,0.0,-63.0,0.0,-73.0,0.0,0.0,0.0,0.0,-49.0,-74.0,-78.0,0.0,0.0,0.0,0.0,0.0,-74.0,0.0,0.0,-50.0,0.0,-87.0,0.0,-58.0,-77.0,0.0,0.0,0.0,-76.0,0.0,0.0,-87.0,0.0,0.0,0.0,0.0,0.0,-49.0,0.0,0.0,0.0,-77.0,-86.0,-78.0,-80.0,0.0,0.0,0.0,0.0,-77.0,0.0,-75.0,-76.0,0.0,0.0,-47.0,0.0,0.0,-47.0,0.0,0.0,0.0,0.0,0.0,-75.0,0.0,0.0,0.0
83918234750434,1.0,0.0,-50.0,0.0,0.0,-77.0,-86.0,0.0,-74.0,0.0,0.0,-63.0,0.0,-73.0,0.0,0.0,0.0,0.0,-49.0,-74.0,-78.0,0.0,0.0,0.0,0.0,0.0,-74.0,0.0,0.0,-50.0,0.0,-87.0,0.0,-58.0,-77.0,0.0,0.0,0.0,-76.0,0.0,0.0,-87.0,0.0,0.0,0.0,0.0,0.0,-49.0,0.0,0.0,0.0,-77.0,-86.0,-78.0,-80.0,0.0,0.0,0.0,0.0,-77.0,0.0,-75.0,-76.0,0.0,0.0,-47.0,0.0,0.0,-48.0,0.0,0.0,0.0,0.0,0.0,-75.0,0.0,0.0,0.0
83933780964074,1.0,0.0,-50.0,0.0,0.0,-79.0,-86.0,0.0,-75.0,0.0,0.0,-76.0,0.0,0.0,0.0,0.0,0.0,0.0,-46.0,-74.0,-76.0,0.0,0.0,0.0,0.0,0.0,-75.0,0.0,0.0,-50.0,0.0,-87.0,0.0,-48.0,0.0,0.0,0.0,0.0,-76.0,0.0,0.0,-87.0,0.0,0.0,0.0,0.0,0.0,-46.0,0.0,-80.0,0.0,-77.0,-86.0,0.0,0.0,0.0,0.0,0.0,0.0,-77.0,0.0,-79.0,-76.0,0.0,0.0,-50.0,0.0,0.0,-47.0,0.0,0.0,0.0,0.0,0.0,-79.0,0.0,0.0,-81.0
83933942213241,1.0,0.0,-50.0,0.0,0.0,-79.0,-86.0,0.0,-75.0,0.0,0.0,-76.0,0.0,0.0,0.0,0.0,0.0,0.0,-46.0,-74.0,-76.0,0.0,0.0,0.0,0.0,0.0,-75.0,0.0,0.0,-50.0,0.0,-87.0,0.0,-48.0,0.0,0.0,0.0,0.0,-76.0,0.0,0.0,-87.0,0.0,0.0,0.0,0.0,0.0,-46.0,0.0,-80.0,0.0,-77.0,-86.0,0.0,0.0,0.0,0.0,0.0,0.0,-77.0,0.0,-79.0,-76.0,0.0,0.0,-50.0,0.0,0.0,-47.0,0.0,0.0,0.0,0.0,0.0,-79.0,0.0,0.0,-81.0
83934444586470,1.0,0.0,-50.0,0.0,0.0,-79.0,-86.0,0.0,-75.0,0.0,0.0,-76.0,0.0,0.0,0.0,0.0,0.0,0.0,-46.0,-74.0,-76.0,0.0,0.0,0.0,0.0,0.0,-75.0,0.0,0.0,-50.0,0.0,-87.0,0.0,-48.0,0.0,0.0,0.0,0.0,-76.0,0.0,0.0,-87.0,0.0,0.0,0.0,0.0,0.0,-46.0,0.0,-80.0,0.0,-77.0,-86.0,0.0,0.0,0.0,0.0,0.0,0.0,-77.0,0.0,-79.0,-76.0,0.0,0.0,-50.0,0.0,0.0,-47.0,0.0,0.0,0.0,0.0,0.0,-79.0,0.0,0.0,-81.0
83934954037824,1.0,0.0,-50.0,0.0,0.0,-79.0,-86.0,0.0,-75.0,0.0,0.0,-76.0,0.0,0.0,0.0,0.0,0.0,0.0,-46.0,-74.0,-76.0,0.0,0.0,0.0,0.0,0.0,-75.0,0.0,0.0,-50.0,0.0,-87.0,0.0,-48.0,0.0,0.0,0.0,0.0,-76.0,0.0,0.0,-87.0,0.0,0.0,0.0,0.0,0.0,-46.0,0.0,-80.0,0.0,-77.0,-86.0,0.0,0.0,0.0,0.0,0.0,0.0,-77.0,0.0,-79.0,-76.0,0.0,0.0,-50.0,0.0,0.0,-47.0,0.0,0.0,0.0,0.0,0.0,-79.0,0.0,0.0,-81.0
83935453346678,1.0,0.0,-50.0,0.0,0.0,-79.0,-86.0,0.0,-75.0,0.0,0.0,-76.0,0.0,0.0,0.0,0.0,0.0,0.0,-46.0,-74.0,-76.0,0.0,0.0,0.0,0.0,0.0,-75.0,0.0,0.0,-50.0,0.0,-87.0,0.0,-48.0,0.0,0.0,0.0,0.0,-76.0,0.0,0.0,-87.0,0.0,0.0,0.0,0.0,0.0,-46.0,0.0,-80.0,0.0,-77.0,-86.0,0.0,0.0,0.0,0.0,0.0,0.0,-77.0,0.0,-79.0,-76.0,0.0,0.0,-50.0,0.0,0.0,-47.0,0.0,0.0,0.0,0.0,0.0,-79.0,0.0,0.0,-81.0
83938417636729,1.0,0.0,-50.0,0.0,-78.0,-79.0,-86.0,0.0,-74.0,0.0,0.0,-65.0,0.0,0.0,0.0,0.0,0.0,0.0,-49.0,-74.0,-76.0,0.0,0.0,0.0,0.0,0.0,-74.0,0.0,0.0,-50.0,0.0,-87.0,0.0,-48.0,0.0,0.0,0.0,0.0,-76.0,0.0,0.0,-87.0,0.0,0.0,0.0,0.0,0.0,-50.0,0.0,-80.0,0.0,-77.0,-82.0,0.0,0.0,0.0,0.0,0.0,0.0,-77.0,0.0,-79.0,-77.0,0.0,0.0,-50.0,0.0,0.0,-47.0,0.0,0.0,0.0,0.0,0.0,-79.0,0.0,0.0,-81.0
83938481058083,1.0,0.0,-50.0,0.0,-78.0,-79.0,-86.0,0.0,-74.0,0.0,0.0,-65.0,0.0,0.0,0.0,0.0,0.0,0.0,-49.0,-74.0,-76.0,0.0,0.0,0.0,0.0,0.0,-74.0,0.0,0.0,-50.0,0.0,-87.0,0.0,-48.0,0.0,0.0,0.0,0.0,-76.0,0.0,0.0,-87.0,0.0,0.0,0.0,0.0,0.0,-50.0,0.0,-80.0,0.0,-77.0,-82.0,0.0,0.0,0.0,0.0,0.0,0.0,-77.0,0.0,-79.0,-77.0,0.0,0.0,-50.0,0.0,0.0,-47.0,0.0,0.0,0.0,0.0,0.0,-79.0,0.0,0.0,-81.0
83938974936416,1.0,0.0,-50.0,0.0,-78.0,-79.0,-86.0,0.0,-74.0,0.0,0.0,-65.0,0.0,0.0,0.0,0.0,0.0,0.0,-49.0,-74.0,-76.0,0.0,0.0,0.0,0.0,0.0,-74.0,0.0,0.0,-50.0,0.0,-87.0,0.0,-48.0,0.0,0.0,0.0,0.0,-76.0,0.0,0.0,-87.0,0.0,0.0,0.0,0.0,0.0,-50.0,0.0,-80.0,0.0,-77.0,-82.0,0.0,0.0,0.0,0.0,0.0,0.0,-77.0,0.0,-79.0,-77.0,0.0,0.0,-50.0,0.0,0.0,-47.0,0.0,0.0,0.0,0.0,0.0,-79.0,0.0,0.0,-81.0
83939476355583,1.0,0.0,-50.0,0.0,-78.0,-79.0,-86.0,0.0,-74.0,0.0,0.0,-65.0,0.0,0.0,0.0,0.0,0.0,0.0,-49.0,-74.0,-76.0,0.0,0.0,0.0,0.0,0.0,-74.0,0.0,0.0,-50.0,0.0,-87.0,0.0,-48.0,0.0,0.0,0.0,0.0,-76.0,0.0,0.0,-87.0,0.0,0.0,0.0,0.0,0.0,-50.0,0.0,-80.0,0.0,-77.0,-82.0,0.0,0.0,0.0,0.0,0.0,0.0,-77.0,0.0,-79.0,-77.0,0.0,0.0,-50.0,0.0,0.0,-45.0,0.0,0.0,0.0,0.0,0.0,-79.0,0.0,0.0,-81.0
83939975504905,1.0,0.0,-50.0,0.0,-78.0,-79.0,-86.0,0.0,-74.0,0.0,0.0,-65.0,0.0,0.0,0.0,0.0,0.0,0.0,-49.0,-74.0,-76.0,0.0,0.0,0.0,0.0,0.0,-74.0,0.0,0.0,-50.0,0.0,-87.0,0.0,-48.0,0.0,0.0,0.0,0.0,-76.0,0.0,0.0,-87.0,0.0,0.0,0.0,0.0,0.0,-50.0,0.0,-80.0,0.0,-77.0,-82.0,0.0,0.0,0.0,0.0,0.0,0.0,-77.0,0.0,-79.0,-77.0,0.0,0.0,-50.0,0.0,0.0,-45.0,0.0,0.0,0.0,0.0,0.0,-79.0,0.0,0.0,-81.0
83943043263446,1.0,0.0,-50.0,0.0,-78.0,-67.0,-86.0,-46.0,-73.0,0.0,0.0,-72.0,-89.0,0.0,0.0,0.0,0.0,0.0,-47.0,-73.0,-76.0,0.0,0.0,0.0,0.0,0.0,-71.0,0.0,0.0,-50.0,0.0,-87.0,0.0,-48.0,0.0,0.0,0.0,0.0,-84.0,0.0,0.0,-87.0,0.0,0.0,0.0,0.0,0.0,-47.0,0.0,-68.0,0.0,-89.0,-82.0,0.0,0.0,0.0,0.0,0.0,0.0,-77.0,0.0,-67.0,-86.0,-86.0,0.0,-50.0,0.0,0.0,-47.0,0.0,0.0,0.0,0.0,0.0,-79.0,0.0,0.0,-81.0
83943486060477,1.0,0.0,-50.0,0.0,-78.0,-67.0,0.0,-46.0,-73.0,0.0,0.0,-72.0,-89.0,0.0,0.0,0.0,0.0,0.0,-47.0,-73.0,-76.0,0.0,0.0,0.0,0.0,0.0,-71.0,0.0,0.0,-50.0,0.0,0.0,0.0,-48.0,0.0,0.0,0.0,0.0,-84.0,0.0,0.0,-87.0,0.0,0.0,0.0,0.0,0.0,-47.0,0.0,-68.0,0.0,-89.0,-82.0,0.0,0.0,0.0,0.0,0.0,0.0,-77.0,0.0,-67.0,-86.0,-86.0,0.0,-50.0,0.0,0.0,-45.0,0.0,0.0,0.0,0.0,0.0,-79.0,0.0,0.0,-81.0
83943986128393,1.0,0.0,-50.0,0.0,-78.0,-67.0,0.0,-46.0,-73.0,0.0,0.0,-72.0,-89.0,0.0,0.0,0.0,0.0,0.0,-47.0,-73.0,-76.0,0.0,0.0,0.0,0.0,0.0,-71.0,0.0,0.0,-50.0,0.0,0.0,0.0,-48.0,0.0,0.0,0.0,0.0,-84.0,0.0,0.0,-87.0,0.0,0.0,0.0,0.0,0.0,-47.0,0.0,-68.0,0.0,-89.0,-82.0,0.0,0.0,0.0,0.0,0.0,0.0,-77.0,0.0,-67.0,-86.0,-86.0,0.0,-50.0,0.0,0.0,-48.0,0.0,0.0,0.0,0.0,0.0,-79.0,0.0,0.0,-81.0
83944498804643,1.0,0.0,-50.0,0.0,-78.0,-67.0,0.0,-46.0,-73.0,0.0,0.0,-72.0,-89.0,0.0,0.0,0.0,0.0,0.0,-47.0,-73.0,-76.0,0.0,0.0,0.0,0.0,0.0,-71.0,0.0,0.0,-50.0,0.0,0.0,0.0,-48.0,0.0,0.0,0.0,0.0,-84.0,0.0,0.0,-87.0,0.0,0.0,0.0,0.0,0.0,-47.0,0.0,-68.0,0.0,-89.0,-82.0,0.0,0.0,0.0,0.0,0.0,0.0,-77.0,0.0,-67.0,-86.0,-86.0,0.0,-50.0,0.0,0.0,-54.0,0.0,0.0,0.0,0.0,0.0,-79.0,0.0,0.0,-81.0
83944994465268,1.0,0.0,-50.0,0.0,-78.0,-67.0,0.0,-46.0,-73.0,0.0,0.0,-72.0,-89.0,0.0,0.0,0.0,0.0,0.0,-47.0,-73.0,-76.0,0.0,0.0,0.0,0.0,0.0,-71.0,0.0,0.0,-50.0,0.0,0.0,0.0,-48.0,0.0,0.0,0.0,0.0,-84.0,0.0,0.0,-87.0,0.0,0.0,0.0,0.0,0.0,-47.0,0.0,-68.0,0.0,-89.0,-82.0,0.0,0.0,0.0,0.0,0.0,0.0,-77.0,0.0,-67.0,-86.0,-86.0,0.0,-50.0,0.0,0.0,-56.0,0.0,0.0,0.0,0.0,0.0,-79.0,0.0,0.0,-81.0
83948186394954,1.0,-74.0,-50.0,0.0,-78.0,-55.0,0.0,-66.0,-73.0,-75.0,-75.0,-72.0,-73.0,-74.0,0.0,-75.0,0.0,0.0,-62.0,-73.0,-69.0,0.0,0.0,-70.0,-71.0,0.0,-71.0,0.0,-72.0,-70.0,0.0,0.0,-70.0,0.0,-74.0,-76.0,0.0,0.0,-84.0,0.0,0.0,-73.0,0.0,0.0,0.0,0.0,0.0,-62.0,0.0,-55.0,0.0,-89.0,-82.0,-74.0,-74.0,0.0,-75.0,-83.0,0.0,-77.0,-72.0,-55.0,-86.0,-86.0,-69.0,-69.0,0.0,0.0,-61.0,-75.0,-81.0,0.0,0.0,0.0,-79.0,0.0,0.0,-74.0
83948513046204,1.0,-74.0,-50.0,0.0,-78.0,-55.0,0.0,-66.0,-73.0,-75.0,-75.0,-72.0,-73.0,-74.0,0.0,-75.0,0.0,0.0,-62.0,-73.0,-69.0,0.0,0.0,-70.0,-71.0,0.0,-71.0,0.0,-72.0,-70.0,0.0,0.0,-70.0,0.0,-74.0,-76.0,0.0,0.0,-84.0,0.0,0.0,-73.0,0.0,0.0,0.0,0.0,0.0,-62.0,0.0,-55.0,0.0,-89.0,-82.0,-74.0,-74.0,0.0,-75.0,-83.0,0.0,-77.0,-72.0,-55.0,-86.0,-86.0,-69.0,-69.0,0.0,0.0,-63.0,-75.0,-81.0,0.0,0.0,0.0,-79.0,0.0,0.0,-74.0
83949031114016,1.0,-74.0,-50.0,0.0,-78.0,-55.0,0.0,-66.0,-73.0,-75.0,-75.0,-72.0,-73.0,-74.0,0.0,-75.0,0.0,0.0,-62.0,-73.0,-69.0,0.0,0.0,-70.0,-71.0,0.0,-71.0,0.0,-72.0,-70.0,0.0,0.0,-70.0,0.0,-74.0,-76.0,0.0,0.0,-84.0,0.0,0.0,-73.0,0.0,0.0,0.0,0.0,0.0,-62.0,0.0,-55.0,0.0,-89.0,-82.0,-74.0,-74.0,0.0,-75.0,-83.0,0.0,-77.0,-72.0,-55.0,-86.0,-86.0,-69.0,-69.0,0.0,0.0,-66.0,-75.0,-81.0,0.0,0.0,0.0,-79.0,0.0,0.0,-74.0
83949519150110,1.0,-74.0,-50.0,0.0,-78.0,-55.0,0.0,-66.0,-73.0,-75.0,-75.0,-72.0,-73.0,-74.0,0.0,-75.0,0.0,0.0,-62.0,-73.0,-69.0,0.0,0.0,-70.0,-71.0,0.0,-71.0,0.0,-72.0,-70.0,0.0,0.0,-70.0,0.0,-74.0,-76.0,0.0,0.0,-84.0,0.0,0.0,-73.0,0.0,0.0,0.0,0.0,0.0,-62.0,0.0,-55.0,0.0,-89.0,-82.0,-74.0,-74.0,0.0,-75.0,-83.0,0.0,-77.0,-72.0,-55.0,-86.0,-86.0,-69.0,-69.0,0.0,0.0,-68.0,-75.0,-81.0,0.0,0.0,0.0,-79.0,0.0,0.0,-74.0
83950028775579,1.0,-74.0,-50.0,0.0,-78.0,-55.0,0.0,-66.0,-73.0,-75.0,-75.0,-72.0,-73.0,-74.0,0.0,-75.0,0.0,0.0,-62.0,-73.0,-69.0,0.0,0.0,-70.0,-71.0,0.0,-71.0,0.0,-72.0,-70.0,0.0,0.0,-70.0,0.0,-74.0,-76.0,0.0,0.0,-84.0,0.0,0.0,-73.0,0.0,0.0,0.0,0.0,0.0,-62.0,0.0,-55.0,0.0,-89.0,-82.0,-74.0,-74.0,0.0,-75.0,-83.0,0.0,-77.0,-72.0,-55.0,-86.0,-86.0,-69.0,-69.0,0.0,0.0,-71.0,-75.0,-81.0,0.0,0.0,0.0,-79.0,0.0,0.0,-74.0
83953386051098,1.0,-74.0,-78.0,0.0,-78.0,-49.0,0.0,-66.0,-73.0,-74.0,-73.0,-72.0,-83.0,-74.0,0.0,-73.0,-79.0,-77.0,-68.0,-73.0,-69.0,-76.0,0.0,-70.0,-64.0,0.0,-71.0,0.0,-72.0,-70.0,0.0,0.0,-70.0,0.0,-74.0,-76.0,0.0,0.0,-84.0,0.0,0.0,-77.0,-90.0,0.0,0.0,-78.0,0.0,-70.0,-76.0,-49.0,-77.0,-89.0,-82.0,-74.0,-71.0,-60.0,-75.0,-83.0,0.0,-77.0,-64.0,-49.0,-86.0,-86.0,-69.0,-72.0,-76.0,0.0,-61.0,-74.0,-81.0,0.0,0.0,-78.0,-79.0,0.0,0.0,-74.0
83953538779327,1.0,-74.0,-78.0,0.0,-78.0,-49.0,0.0,-66.0,-73.0,-74.0,-73.0,-72.0,-83.0,-74.0,0.0,-73.0,-79.0,-77.0,-68.0,-73.0,-69.0,-76.0,0.0,-70.0,-64.0,0.0,-71.0,0.0,-72.0,-70.0,0.0,0.0,-70.0,0.0,-74.0,-76.0,0.0,0.0,-84.0,0.0,0.0,-77.0,-90.0,0.0,0.0,-78.0,0.0,-70.0,-76.0,-49.0,-77.0,-89.0,-82.0,-74.0,-71.0,-60.0,-75.0,-83.0,0.0,-77.0,-64.0,-49.0,-86.0,-86.0,-69.0,-72.0,-76.0,0.0,-73.0,-74.0,-81.0,0.0,0.0,-78.0,0.0,0.0,0.0,-74.0
83954040825942,1.0,-74.0,-78.0,0.0,-78.0,-49.0,0.0,-66.0,-73.0,-74.0,-73.0,-72.0,-83.0,-74.0,0.0,-73.0,-79.0,-77.0,-68.0,-73.0,-69.0,-76.0,0.0,-70.0,-64.0,0.0,-71.0,0.0,-72.0,-70.0,0.0,0.0,-70.0,0.0,-74.0,-76.0,0.0,0.0,-84.0,0.0,0.0,-77.0,-90.0,0.0,0.0,-78.0,0.0,-70.0,-76.0,-49.0,-77.0,-89.0,-82.0,-74.0,-71.0,-60.0,-75.0,-83.0,0.0,-77.0,-64.0,-49.0,-86.0,-86.0,-69.0,-72.0,-76.0,0.0,-72.0,-74.0,-81.0,0.0,0.0,-78.0,0.0,0.0,0.0,-74.0
83954543638441,1.0,-74.0,-78.0,0.0,-78.0,-49.0,0.0,-66.0,-73.0,-74.0,-73.0,-72.0,-83.0,-74.0,0.0,-73.0,-79.0,-77.0,-68.0,-73.0,-69.0,-76.0,0.0,-70.0,-64.0,0.0,-71.0,0.0,-72.0,-70.0,0.0,0.0,-70.0,0.0,-74.0,-76.0,0.0,0.0,-84.0,0.0,0.0,-77.0,-90.0,0.0,0.0,-78.0,0.0,-70.0,-76.0,-49.0,-77.0,-89.0,-82.0,-74.0,-71.0,-60.0,-75.0,-83.0,0.0,-77.0,-64.0,-49.0,-86.0,-86.0,-69.0,-72.0,-76.0,0.0,-72.0,-74.0,-81.0,0.0,0.0,-78.0,0.0,0.0,0.0,-74.0
83955039752191,1.0,-74.0,-78.0,0.0,-78.0,-49.0,0.0,-66.0,-73.0,-74.0,-73.0,-72.0,-83.0,-74.0,0.0,-73.0,-79.0,-77.0,-68.0,-73.0,-69.0,-76.0,0.0,-70.0,-64.0,0.0,-71.0,0.0,-72.0,-70.0,0.0,0.0,-70.0,0.0,-74.0,-76.0,0.0,0.0,-84.0,0.0,0.0,-77.0,-90.0,0.0,0.0,-78.0,0.0,-70.0,-76.0,-49.0,-77.0,-89.0,-82.0,-74.0,-71.0,-60.0,-75.0,-83.0,0.0,-77.0,-64.0,-49.0,-86.0,-86.0,-69.0,-72.0,-76.0,0.0,-72.0,-74.0,-81.0,0.0,0.0,-78.0,0.0,0.0,0.0,-74.0
83958158289325,1.0,-74.0,-74.0,0.0,0.0,-60.0,0.0,-66.0,-73.0,-74.0,-73.0,-56.0,-83.0,-64.0,0.0,-73.0,-79.0,-77.0,-65.0,-73.0,0.0,-76.0,0.0,-70.0,-70.0,-78.0,-71.0,0.0,-72.0,-71.0,0.0,0.0,-70.0,0.0,-66.0,-76.0,-71.0,0.0,-61.0,0.0,0.0,-77.0,-90.0,-71.0,0.0,-78.0,0.0,-65.0,-76.0,-61.0,-77.0,-89.0,0.0,-65.0,-71.0,-68.0,-75.0,-83.0,0.0,-56.0,-70.0,-61.0,-61.0,-86.0,-69.0,-72.0,-76.0,0.0,-71.0,-74.0,-81.0,0.0,-71.0,-78.0,0.0,0.0,0.0,-52.0
83958564436825,1.0,-74.0,-74.0,0.0,0.0,-60.0,0.0,-66.0,-73.0,-74.0,-73.0,-56.0,-83.0,-64.0,0.0,-73.0,-79.0,-77.0,-65.0,-73.0,0.0,-76.0,0.0,-70.0,-70.0,-78.0,-71.0,0.0,-72.0,-71.0,0.0,0.0,-70.0,0.0,-66.0,-76.0,-71.0,0.0,-61.0,0.0,0.0,-77.0,-90.0,-71.0,0.0,-78.0,0.0,-65.0,-76.0,-61.0,-77.0,-89.0,0.0,-65.0,-71.0,-68.0,-75.0,-83.0,0.0,-56.0,-70.0,-61.0,-61.0,-86.0,-69.0,-72.0,-76.0,0.0,-69.0,-74.0,-81.0,0.0,-71.0,-78.0,0.0,0.0,0.0,-52.0
83959062395679,1.0,-74.0,-74.0,0.0,0.0,-60.0,0.0,-66.0,-73.0,-74.0,-73.0,-56.0,-83.0,-64.0,0.0,-73.0,-79.0,-77.0,-65.0,-73.0,0.0,-76.0,0.0,-70.0,-70.0,-78.0,-71.0,0.0,-72.0,-71.0,0.0,0.0,-70.0,0.0,-66.0,-76.0,-71.0,0.0,-61.0,0.0,0.0,-77.0,-90.0,-71.0,0.0,-78.0,0.0,-65.0,-76.0,-61.0,-77.0,-89.0,0.0,-65.0,-71.0,-68.0,-75.0,-83.0,0.0,-56.0,-70.0,-61.0,-61.0,-86.0,-69.0,-72.0,-76.0,0.0,-67.0,-74.0,-81.0,0.0,-71.0,-78.0,0.0,0.0,0.0,-52.0
83959562840315,1.0,-74.0,-74.0,0.0,0.0,-60.0,0.0,-66.0,-73.0,-74.0,-73.0,-56.0,-83.0,-64.0,0.0,-73.0,-79.0,-77.0,-65.0,-73.0,0.0,-76.0,0.0,-70.0,-70.0,-78.0,-71.0,0.0,-72.0,-71.0,0.0,0.0,-70.0,0.0,-66.0,-76.0,-71.0,0.0,-61.0,0.0,0.0,-77.0,-90.0,-71.0,0.0,-78.0,0.0,-65.0,-76.0,-61.0,-77.0,-89.0,0.0,-65.0,-71.0,-68.0,-75.0,-83.0,0.0,-56.0,-70.0,-61.0,-61.0,-86.0,-69.0,-72.0,-76.0,0.0,-64.0,-74.0,-81.0,0.0,-71.0,-78.0,0.0,0.0,0.0,-52.0
83960066627606,1.0,-74.0,-74.0,0.0,0.0,-60.0,0.0,-66.0,-73.0,-74.0,-73.0,-56.0,-83.0,-64.0,0.0,-73.0,-79.0,-77.0,-65.0,-73.0,0.0,-76.0,0.0,-70.0,-70.0,-78.0,-71.0,0.0,-72.0,-71.0,0.0,0.0,-70.0,0.0,-66.0,-76.0,-71.0,0.0,-61.0,0.0,0.0,-77.0,-90.0,-71.0,0.0,-78.0,0.0,-65.0,-76.0,-61.0,-77.0,-89.0,0.0,-65.0,-71.0,-68.0,-75.0,-83.0,0.0,-56.0,-70.0,-61.0,-61.0,-86.0,-69.0,-72.0,-76.0,0.0,-63.0,-74.0,-81.0,0.0,-71.0,-78.0,0.0,0.0,0.0,-52.0
83963388415626,1.0,-74.0,-74.0,0.0,0.0,-60.0,0.0,-66.0,-73.0,-74.0,-73.0,-48.0,-83.0,-64.0,0.0,-73.0,-79.0,-77.0,-57.0,-73.0,0.0,-76.0,0.0,-70.0,-70.0,-78.0,-71.0,0.0,-72.0,-63.0,0.0,0.0,-70.0,0.0,-66.0,-76.0,-71.0,0.0,-71.0,0.0,0.0,-77.0,-90.0,-71.0,0.0,-78.0,0.0,-57.0,-76.0,-74.0,-77.0,-89.0,0.0,-65.0,-71.0,-68.0,-75.0,-83.0,0.0,-69.0,-70.0,-74.0,-61.0,-86.0,-69.0,-72.0,-76.0,0.0,-71.0,-74.0,-81.0,0.0,-71.0,-78.0,0.0,0.0,0.0,-82.0
83963574187032,1.0,-74.0,-74.0,0.0,0.0,-60.0,0.0,-55.0,0.0,-74.0,-73.0,-48.0,-83.0,-64.0,0.0,-73.0,-79.0,-77.0,-57.0,0.0,0.0,-76.0,0.0,-70.0,-70.0,-78.0,0.0,0.0,-72.0,-63.0,0.0,0.0,-70.0,0.0,-66.0,-76.0,-71.0,0.0,-71.0,0.0,0.0,-77.0,-90.0,-71.0,0.0,-78.0,0.0,-57.0,-76.0,-74.0,-77.0,0.0,0.0,-65.0,-71.0,-68.0,-75.0,-83.0,0.0,-69.0,-70.0,-74.0,-61.0,0.0,-69.0,-72.0,-76.0,0.0,-60.0,-74.0,-81.0,0.0,-71.0,-78.0,0.0,0.0,0.0,-82.0
83964074402344,1.0,-74.0,-74.0,0.0,0.0,-60.0,0.0,-55.0,0.0,-74.0,-73.0,-48.0,-83.0,-64.0,0.0,-73.0,-79.0,-77.0,-57.0,0.0,0.0,-76.0,0.0,-70.0,-70.0,-78.0,0.0,0.0,-72.0,-63.0,0.0,0.0,-70.0,0.0,-66.0,-76.0,-71.0,0.0,-71.0,0.0,0.0,-77.0,-90.0,-71.0,0.0,-78.0,0.0,-57.0,-76.0,-74.0,-77.0,0.0,0.0,-65.0,-71.0,-68.0,-75.0,-83.0,0.0,-69.0,-70.0,-74.0,-61.0,0.0,-69.0,-72.0,-76.0,0.0,-57.0,-74.0,-81.0,0.0,-71.0,-78.0,0.0,0.0,0.0,-82.0
83964575538438,1.0,-74.0,-74.0,0.0,0.0,-60.0,0.0,-55.0,0.0,-74.0,-73.0,-48.0,-83.0,-64.0,0.0,-73.0,-79.0,-77.0,-57.0,0.0,0.0,-76.0,0.0,-70.0,-70.0,-78.0,0.0,0.0,-72.0,-63.0,0.0,0.0,-70.0,0.0,-66.0,-76.0,-71.0,0.0,-71.0,0.0,0.0,-77.0,-90.0,-71.0,0.0,-78.0,0.0,-57.0,-76.0,-74.0,-77.0,0.0,0.0,-65.0,-71.0,-68.0,-75.0,-83.0,0.0,-69.0,-70.0,-74.0,-61.0,0.0,-69.0,-72.0,-76.0,0.0,-56.0,-74.0,-81.0,0.0,-71.0,-78.0,0.0,0.0,0.0,-82.0
83965068932656,1.0,-74.0,-74.0,0.0,0.0,-60.0,0.0,-55.0,0.0,-74.0,-73.0,-48.0,-83.0,-64.0,0.0,-73.0,-79.0,-77.0,-57.0,0.0,0.0,-76.0,0.0,-70.0,-70.0,-78.0,0.0,0.0,-72.0,-63.0,0.0,0.0,-70.0,0.0,-66.0,-76.0,-71.0,0.0,-71.0,0.0,0.0,-77.0,-90.0,-71.0,0.0,-78.0,0.0,-57.0,-76.0,-74.0,-77.0,0.0,0.0,-65.0,-71.0,-68.0,-75.0,-83.0,0.0,-69.0,-70.0,-74.0,-61.0,0.0,-69.0,-72.0,-76.0,0.0,-54.0,-74.0,-81.0,0.0,-71.0,-78.0,0.0,0.0,0.0,-82.0
83968336384738,1.0,0.0,-63.0,-78.0,0.0,-60.0,-81.0,-55.0,-79.0,-74.0,-73.0,-42.0,-83.0,-64.0,0.0,-73.0,-79.0,-77.0,-53.0,-78.0,-79.0,-76.0,0.0,0.0,-70.0,-78.0,-78.0,0.0,-72.0,-61.0,0.0,-82.0,0.0,-56.0,-66.0,0.0,-71.0,0.0,-78.0,0.0,0.0,-77.0,-90.0,-71.0,0.0,-78.0,0.0,-52.0,-76.0,-74.0,-77.0,0.0,0.0,-65.0,-71.0,-68.0,0.0,0.0,0.0,-69.0,-70.0,-74.0,-61.0,-80.0,0.0,-63.0,-76.0,0.0,-53.0,-74.0,0.0,0.0,-71.0,-78.0,0.0,0.0,0.0,-82.0
83968585928280,1.0,0.0,-63.0,-78.0,0.0,-60.0,-81.0,-55.0,-79.0,-74.0,-73.0,-42.0,-83.0,-64.0,0.0,-73.0,-79.0,-77.0,-53.0,-78.0,-79.0,-76.0,0.0,0.0,-70.0,-78.0,-78.0,0.0,-72.0,-61.0,0.0,-82.0,0.0,-56.0,-66.0,0.0,-71.0,0.0,-78.0,0.0,0.0,-77.0,-90.0,-71.0,0.0,-78.0,0.0,-52.0,-76.0,-74.0,-77.0,0.0,0.0,-65.0,-71.0,-68.0,0.0,0.0,0.0,-69.0,-70.0,-74.0,-61.0,-80.0,0.0,-63.0,-76.0,0.0,-51.0,-74.0,0.0,0.0,-71.0,-78.0,0.0,0.0,0.0,-82.0
83969082026248,1.0,0.0,-63.0,-78.0,0.0,-60.0,-81.0,-55.0,-79.0,-74.0,-73.0,-42.0,-83.0,-64.0,0.0,-73.0,-79.0,-77.0,-53.0,-78.0,-79.0,-76.0,0.0,0.0,-70.0,-78.0,-78.0,0.0,-72.0,-61.0,0.0,-82.0,0.0,-56.0,-66.0,0.0,-71.0,0.0,-78.0,0.0,0.0,-77.0,-90.0,-71.0,0.0,-78.0,0.0,-52.0,-76.0,-74.0,-77.0,0.0,0.0,-65.0,-71.0,-68.0,0.0,0.0,0.0,-69.0,-70.0,-74.0,-61.0,-80.0,0.0,-63.0,-76.0,0.0,-47.0,-74.0,0.0,0.0,-71.0,-78.0,0.0,0.0,0.0,-82.0
83969597909321,1.0,0.0,-63.0,-78.0,0.0,-60.0,-81.0,-55.0,-79.0,-74.0,-73.0,-42.0,-83.0,-64.0,0.0,-73.0,-79.0,-77.0,-53.0,-78.0,-79.0,-76.0,0.0,0.0,-70.0,-78.0,-78.0,0.0,-72.0,-61.0,0.0,-82.0,0.0,-56.0,-66.0,0.0,-71.0,0.0,-78.0,0.0,0.0,-77.0,-90.0,-71.0,0.0,-78.0,0.0,-52.0,-76.0,-74.0,-77.0,0.0,0.0,-65.0,-71.0,-68.0,0.0,0.0,0.0,-69.0,-70.0,-74.0,-61.0,-80.0,0.0,-63.0,-76.0,0.0,-45.0,-74.0,0.0,0.0,-71.0,-78.0,0.0,0.0,0.0,-82.0
83970081246300,1.0,0.0,-63.0,-78.0,0.0,-60.0,-81.0,-55.0,-79.0,-74.0,-73.0,-42.0,-83.0,-64.0,0.0,-73.0,-79.0,-77.0,-53.0,-78.0,-79.0,-76.0,0.0,0.0,-70.0,-78.0,-78.0,0.0,-72.0,-61.0,0.0,-82.0,0.0,-56.0,-66.0,0.0,-71.0,0.0,-78.0,0.0,0.0,-77.0,-90.0,-71.0,0.0,-78.0,0.0,-52.0,-76.0,-74.0,-77.0,0.0,0.0,-65.0,-71.0,-68.0,0.0,0.0,0.0,-69.0,-70.0,-74.0,-61.0,-80.0,0.0,-63.0,-76.0,0.0,-42.0,-74.0,0.0,0.0,-71.0,-78.0,0.0,0.0,0.0,-82.0
83973194731299,1.0,0.0,-47.0,-78.0,0.0,-76.0,-81.0,-55.0,-75.0,-74.0,-73.0,-42.0,-83.0,-64.0,0.0,-73.0,-79.0,-77.0,-44.0,-74.0,-79.0,-76.0,0.0,0.0,-70.0,-78.0,-74.0,0.0,-72.0,-49.0,0.0,-82.0,0.0,-56.0,-66.0,0.0,-71.0,-75.0,-78.0,0.0,0.0,-77.0,-90.0,-71.0,0.0,-78.0,0.0,-44.0,-76.0,-74.0,-77.0,0.0,0.0,-65.0,-71.0,-68.0,0.0,0.0,-77.0,-69.0,-70.0,-74.0,-61.0,-80.0,0.0,-47.0,-76.0,0.0,-52.0,-74.0,0.0,0.0,-71.0,-78.0,-78.0,-74.0,0.0,-82.0
83973589057497,1.0,0.0,-47.0,-78.0,0.0,-76.0,-81.0,-55.0,-75.0,0.0,0.0,-42.0,0.0,-64.0,0.0,0.0,0.0,0.0,-44.0,-74.0,-79.0,0.0,0.0,0.0,-70.0,-78.0,-74.0,0.0,-72.0,-49.0,0.0,-82.0,0.0,-56.0,-66.0,0.0,-71.0,-75.0,-78.0,0.0,0.0,0.0,0.0,-71.0,0.0,0.0,0.0,-44.0,0.0,-74.0,0.0,0.0,0.0,-65.0,0.0,-68.0,0.0,0.0,-77.0,-69.0,-70.0,-74.0,-61.0,-80.0,0.0,-47.0,0.0,0.0,-40.0,0.0,0.0,0.0,-71.0,0.0,-78.0,-74.0,0.0,-82.0
83974078648017,1.0,0.0,-47.0,-78.0,0.0,-76.0,-81.0,-55.0,-75.0,0.0,0.0,-42.0,0.0,-64.0,0.0,0.0,0.0,0.0,-44.0,-74.0,-79.0,0.0,0.0,0.0,-70.0,-78.0,-74.0,0.0,-72.0,-49.0,0.0,-82.0,0.0,-56.0,-66.0,0.0,-71.0,-75.0,-78.0,0.0,0.0,0.0,0.0,-71.0,0.0,0.0,0.0,-44.0,0.0,-74.0,0.0,0.0,0.0,-65.0,0.0,-68.0,0.0,0.0,-77.0,-69.0,-70.0,-74.0,-61.0,-80.0,0.0,-47.0,0.0,0.0,-41.0,0.0,0.0,0.0,-71.0,0.0,-78.0,-74.0,0.0,-82.0
83974581347705,1.0,0.0,-47.0,-78.0,0.0,-76.0,-81.0,-55.0,-75.0,0.0,0.0,-42.0,0.0,-64.0,0.0,0.0,0.0,0.0,-44.0,-74.0,-79.0,0.0,0.0,0.0,-70.0,-78.0,-74.0,0.0,-72.0,-49.0,0.0,-82.0,0.0,-56.0,-66.0,0.0,-71.0,-75.0,-78.0,0.0,0.0,0.0,0.0,-71.0,0.0,0.0,0.0,-44.0,0.0,-74.0,0.0,0.0,0.0,-65.0,0.0,-68.0,0.0,0.0,-77.0,-69.0,-70.0,-74.0,-61.0,-80.0,0.0,-47.0,0.0,0.0,-43.0,0.0,0.0,0.0,-71.0,0.0,-78.0,-74.0,0.0,-82.0
83975099077965,1.0,0.0,-47.0,-78.0,0.0,-76.0,-81.0,-55.0,-75.0,0.0,0.0,-42.0,0.0,-64.0,0.0,0.0,0.0,0.0,-44.0,-74.0,-79.0,0.0,0.0,0.0,-70.0,-78.0,-74.0,0.0,-72.0,-49.0,0.0,-82.0,0.0,-56.0,-66.0,0.0,-71.0,-75.0,-78.0,0.0,0.0,0.0,0.0,-71.0,0.0,0.0,0.0,-44.0,0.0,-74.0,0.0,0.0,0.0,-65.0,0.0,-68.0,0.0,0.0,-77.0,-69.0,-70.0,-74.0,-61.0,-80.0,0.0,-47.0,0.0,0.0,-44.0,0.0,0.0,0.0,-71.0,0.0,-78.0,-74.0,0.0,-82.0
83978250390880,1.0,0.0,-51.0,-78.0,0.0,-76.0,-81.0,-55.0,-72.0,0.0,0.0,-42.0,0.0,-64.0,0.0,0.0,0.0,0.0,-48.0,-70.0,-79.0,0.0,0.0,0.0,-70.0,-78.0,-70.0,0.0,-72.0,-51.0,0.0,-82.0,0.0,-56.0,-66.0,0.0,-71.0,-75.0,-78.0,0.0,0.0,-81.0,0.0,-71.0,0.0,0.0,0.0,-48.0,0.0,-74.0,0.0,0.0,0.0,-65.0,0.0,-68.0,0.0,0.0,-77.0,-69.0,-70.0,-74.0,-61.0,-80.0,0.0,-51.0,0.0,0.0,-45.0,0.0,0.0,0.0,-71.0,0.0,-78.0,-74.0,0.0,-82.0
83978598264995,1.0,0.0,-51.0,-78.0,0.0,-76.0,-81.0,-55.0,-72.0,0.0,0.0,-42.0,0.0,0.0,0.0,0.0,0.0,0.0,-48.0,-70.0,-79.0,0.0,0.0,0.0,0.0,0.0,-70.0,0.0,0.0,-51.0,0.0,-82.0,0.0,-56.0,0.0,0.0,0.0,-75.0,-78.0,0.0,0.0,-81.0,0.0,0.0,0.0,0.0,0.0,-48.0,0.0,-74.0,0.0,0.0,0.0,0.0,0.0,0.0,0.0,0.0,-77.0,-69.0,0.0,-74.0,0.0,-80.0,0.0,-51.0,0.0,0.0,-46.0,0.0,0.0,0.0,0.0,0.0,-78.0,-74.0,0.0,-82.0
83979086417338,1.0,0.0,-51.0,-78.0,0.0,-76.0,-81.0,-55.0,-72.0,0.0,0.0,-42.0,0.0,0.0,0.0,0.0,0.0,0.0,-48.0,-70.0,-79.0,0.0,0.0,0.0,0.0,0.0,-70.0,0.0,0.0,-51.0,0.0,-82.0,0.0,-56.0,0.0,0.0,0.0,-75.0,-78.0,0.0,0.0,-81.0,0.0,0.0,0.0,0.0,0.0,-48.0,0.0,-74.0,0.0,0.0,0.0,0.0,0.0,0.0,0.0,0.0,-77.0,-69.0,0.0,-74.0,0.0,-80.0,0.0,-51.0,0.0,0.0,-47.0,0.0,0.0,0.0,0.0,0.0,-78.0,-74.0,0.0,-82.0
83979587416765,1.0,0.0,-51.0,-78.0,0.0,-76.0,-81.0,-55.0,-72.0,0.0,0.0,-42.0,0.0,0.0,0.0,0.0,0.0,0.0,-48.0,-70.0,-79.0,0.0,0.0,0.0,0.0,0.0,-70.0,0.0,0.0,-51.0,0.0,-82.0,0.0,-56.0,0.0,0.0,0.0,-75.0,-78.0,0.0,0.0,-81.0,0.0,0.0,0.0,0.0,0.0,-48.0,0.0,-74.0,0.0,0.0,0.0,0.0,0.0,0.0,0.0,0.0,-77.0,-69.0,0.0,-74.0,0.0,-80.0,0.0,-51.0,0.0,0.0,-47.0,0.0,0.0,0.0,0.0,0.0,-78.0,-74.0,0.0,-82.0
83980098937650,1.0,0.0,-51.0,-78.0,0.0,-76.0,-81.0,-55.0,-72.0,0.0,0.0,-42.0,0.0,0.0,0.0,0.0,0.0,0.0,-48.0,-70.0,-79.0,0.0,0.0,0.0,0.0,0.0,-70.0,0.0,0.0,-51.0,0.0,-82.0,0.0,-56.0,0.0,0.0,0.0,-75.0,-78.0,0.0,0.0,-81.0,0.0,0.0,0.0,0.0,0.0,-48.0,0.0,-74.0,0.0,0.0,0.0,0.0,0.0,0.0,0.0,0.0,-77.0,-69.0,0.0,-74.0,0.0,-80.0,0.0,-51.0,0.0,0.0,-49.0,0.0,0.0,0.0,0.0,0.0,-78.0,-74.0,0.0,-82.0
