178535546545,1.0,0.0,0.0,0.0,0.0,0.0,-92.0,0.0,0.0,0.0
178607092222,1.0,0.0,0.0,0.0,0.0,0.0,0.0,0.0,-82.0,0.0
178826997847,1.0,0.0,0.0,-84.0,0.0,0.0,0.0,0.0,0.0,0.0
178831211336,1.0,0.0,0.0,0.0,0.0,0.0,-86.0,0.0,0.0,0.0
180799259773,1.0,0.0,0.0,0.0,0.0,0.0,-94.0,0.0,0.0,0.0
180805370086,1.0,0.0,0.0,0.0,0.0,0.0,0.0,0.0,-81.0,0.0
181030574617,1.0,0.0,0.0,-86.0,0.0,0.0,0.0,0.0,0.0,0.0
181053172585,1.0,0.0,0.0,0.0,0.0,0.0,0.0,0.0,0.0,-91.0
181141619512,1.0,0.0,0.0,0.0,0.0,0.0,-93.0,0.0,0.0,0.0
181463591387,1.0,0.0,0.0,0.0,0.0,0.0,-87.0,0.0,0.0,0.0
181624132950,1.0,0.0,0.0,0.0,0.0,0.0,-92.0,0.0,0.0,0.0
182475376960,1.0,0.0,0.0,0.0,0.0,0.0,0.0,0.0,-77.0,0.0
182684575501,1.0,0.0,0.0,-85.0,0.0,0.0,0.0,0.0,0.0,0.0
184131387063,1.0,0.0,0.0,0.0,0.0,0.0,0.0,0.0,-79.0,0.0
184338522480,1.0,0.0,0.0,-80.0,0.0,0.0,0.0,0.0,0.0,0.0
184921337063,1.0,0.0,0.0,0.0,0.0,0.0,-81.0,0.0,0.0,0.0
185248225761,1.0,0.0,0.0,0.0,0.0,0.0,-90.0,0.0,0.0,0.0
185905781177,1.0,0.0,0.0,0.0,0.0,0.0,-84.0,0.0,0.0,0.0
186225219094,1.0,0.0,0.0,0.0,0.0,0.0,-93.0,0.0,0.0,0.0
186540221698,1.0,0.0,0.0,-74.0,0.0,0.0,0.0,0.0,0.0,0.0
186554087896,1.0,0.0,0.0,0.0,0.0,0.0,-93.0,0.0,0.0,0.0
186895005448,1.0,0.0,0.0,0.0,0.0,0.0,0.0,0.0,-76.0,0.0
187094257948,1.0,0.0,0.0,-98.0,0.0,0.0,0.0,0.0,0.0,0.0
187103387062,1.0,0.0,0.0,0.0,0.0,0.0,0.0,0.0,0.0,-81.0
187210927271,1.0,0.0,0.0,0.0,0.0,0.0,-84.0,0.0,0.0,0.0
190952525707,1.0,0.0,0.0,0.0,0.0,0.0,0.0,0.0,0.0,-84.0
190965586540,1.0,0.0,0.0,-68.0,0.0,0.0,0.0,0.0,0.0,0.0
191178602842,1.0,0.0,0.0,0.0,0.0,0.0,-80.0,0.0,0.0,0.0
192980447112,1.0,0.0,0.0,0.0,0.0,0.0,-83.0,0.0,0.0,0.0
195801971590,1.0,0.0,0.0,0.0,0.0,0.0,-87.0,0.0,0.0,0.0
195900707163,1.0,0.0,0.0,0.0,0.0,0.0,0.0,0.0,0.0,-85.0
195957526017,1.0,0.0,0.0,0.0,0.0,0.0,-81.0,0.0,0.0,0.0
196294703778,1.0,0.0,0.0,0.0,0.0,0.0,-86.0,0.0,0.0,0.0
196460704611,1.0,0.0,0.0,0.0,0.0,0.0,-87.0,0.0,0.0,0.0
196472450184,1.0,0.0,0.0,-87.0,0.0,0.0,0.0,0.0,0.0,0.0
197010746694,1.0,0.0,0.0,0.0,0.0,0.0,0.0,0.0,0.0,-78.0
197022900027,1.0,0.0,0.0,-93.0,0.0,0.0,0.0,0.0,0.0,0.0
197122620131,1.0,0.0,0.0,0.0,0.0,0.0,-88.0,0.0,0.0,0.0
197578097162,1.0,0.0,0.0,-81.0,0.0,0.0,0.0,0.0,0.0,0.0
197625754610,1.0,0.0,0.0,0.0,0.0,0.0,-85.0,0.0,0.0,0.0
201792087786,1.0,0.0,0.0,0.0,0.0,0.0,0.0,0.0,-69.0,0.0
201905275911,1.0,0.0,0.0,0.0,0.0,0.0,-94.0,0.0,0.0,0.0
201989515807,1.0,0.0,0.0,-76.0,0.0,0.0,0.0,0.0,0.0,0.0
202239846432,1.0,0.0,0.0,0.0,0.0,0.0,-89.0,0.0,0.0,0.0
202532345025,1.0,0.0,0.0,0.0,0.0,0.0,0.0,0.0,0.0,-95.0
202539164765,1.0,0.0,0.0,-80.0,0.0,0.0,0.0,0.0,0.0,0.0
202562783983,1.0,0.0,0.0,0.0,0.0,0.0,-85.0,0.0,0.0,0.0
203092130598,1.0,0.0,0.0,-74.0,0.0,0.0,0.0,0.0,0.0,0.0
205715042055,1.0,0.0,-90.0,0.0,0.0,0.0,0.0,0.0,0.0,0.0
206188606117,1.0,0.0,0.0,0.0,0.0,0.0,-81.0,0.0,0.0,0.0
206195899867,1.0,0.0,0.0,0.0,0.0,0.0,0.0,0.0,-83.0,0.0
206218549138,1.0,0.0,-93.0,0.0,0.0,0.0,0.0,0.0,0.0,0.0
206409618409,1.0,0.0,0.0,-71.0,0.0,0.0,0.0,0.0,0.0,0.0
206520446534,1.0,0.0,0.0,0.0,0.0,0.0,-85.0,0.0,0.0,0.0
206597113305,1.0,0.0,-94.0,0.0,0.0,0.0,0.0,0.0,0.0,0.0
206669424242,1.0,0.0,0.0,0.0,0.0,0.0,0.0,-92.0,0.0,0.0
206675515857,1.0,0.0,0.0,0.0,0.0,0.0,-82.0,0.0,0.0,0.0
206709072003,1.0,0.0,0.0,0.0,0.0,0.0,0.0,-89.0,0.0,0.0
206719411117,1.0,0.0,-88.0,0.0,0.0,0.0,0.0,0.0,0.0,0.0
206738112211,1.0,0.0,0.0,0.0,0.0,0.0,0.0,-90.0,0.0,0.0
206750552159,1.0,0.0,-90.0,0.0,0.0,0.0,0.0,0.0,0.0,0.0
206764774034,1.0,0.0,0.0,0.0,0.0,0.0,0.0,-87.0,0.0,0.0
206786369138,1.0,0.0,-86.0,0.0,0.0,0.0,0.0,0.0,0.0,0.0
206891380544,1.0,0.0,0.0,0.0,0.0,0.0,0.0,-92.0,0.0,0.0
206932380440,1.0,0.0,0.0,0.0,0.0,0.0,0.0,0.0,0.0,-93.0
206943030544,1.0,0.0,-92.0,0.0,0.0,0.0,0.0,0.0,0.0,0.0
207308577419,1.0,0.0,0.0,0.0,0.0,0.0,0.0,0.0,-91.0,0.0
207514668877,1.0,0.0,0.0,-66.0,0.0,0.0,0.0,0.0,0.0,0.0
207545506065,1.0,0.0,-88.0,0.0,0.0,0.0,0.0,0.0,0.0,0.0
207551029398,1.0,0.0,0.0,0.0,0.0,0.0,0.0,-86.0,0.0,0.0
207673667367,1.0,0.0,0.0,0.0,0.0,0.0,-85.0,0.0,0.0,0.0
208016080908,1.0,0.0,0.0,0.0,0.0,0.0,-93.0,0.0,0.0,0.0
208034071065,1.0,0.0,0.0,0.0,0.0,0.0,0.0,0.0,0.0,-93.0
208166747523,1.0,0.0,0.0,0.0,0.0,0.0,-91.0,0.0,0.0,0.0
211204278616,1.0,0.0,-77.0,0.0,0.0,0.0,0.0,0.0,0.0,0.0
211209079918,1.0,0.0,0.0,0.0,0.0,0.0,0.0,-77.0,0.0,0.0
211390785126,1.0,0.0,-78.0,0.0,0.0,0.0,0.0,0.0,0.0,0.0
212304926896,1.0,0.0,0.0,0.0,0.0,0.0,0.0,-81.0,0.0,0.0
212314530855,1.0,0.0,0.0,0.0,0.0,0.0,-93.0,0.0,0.0,0.0
213036042365,1.0,0.0,-87.0,0.0,0.0,0.0,0.0,0.0,0.0,0.0
213583903927,1.0,0.0,0.0,-80.0,0.0,0.0,0.0,0.0,0.0,0.0
213772414969,1.0,0.0,-87.0,0.0,0.0,0.0,0.0,0.0,0.0,0.0
213812543458,1.0,0.0,0.0,0.0,0.0,0.0,-94.0,0.0,0.0,0.0
213981460073,1.0,0.0,0.0,0.0,0.0,0.0,-92.0,0.0,0.0,0.0
214142719239,1.0,0.0,0.0,0.0,0.0,0.0,-96.0,0.0,0.0,0.0
214507191010,1.0,0.0,-85.0,0.0,0.0,0.0,0.0,0.0,0.0,0.0
214514154968,1.0,0.0,0.0,0.0,0.0,0.0,0.0,-85.0,0.0,0.0
214654928510,1.0,0.0,0.0,0.0,0.0,0.0,-85.0,0.0,0.0,0.0
214681601479,1.0,0.0,0.0,0.0,0.0,0.0,0.0,-86.0,0.0,0.0
215820591791,1.0,0.0,0.0,0.0,0.0,0.0,-82.0,0.0,0.0,0.0
216144641166,1.0,0.0,0.0,0.0,0.0,0.0,-84.0,0.0,0.0,0.0
216153781374,1.0,0.0,-91.0,0.0,0.0,0.0,0.0,0.0,0.0,0.0
216305880697,1.0,0.0,0.0,0.0,0.0,0.0,-87.0,0.0,0.0,0.0
216336183822,1.0,0.0,0.0,-94.0,0.0,0.0,0.0,0.0,0.0,0.0
216510875801,1.0,0.0,-91.0,0.0,0.0,0.0,0.0,0.0,0.0,0.0
216638484551,1.0,0.0,0.0,0.0,0.0,0.0,-81.0,0.0,0.0,0.0
216663921322,1.0,0.0,0.0,0.0,0.0,0.0,0.0,0.0,-96.0,0.0
216807688249,1.0,0.0,0.0,0.0,0.0,0.0,-91.0,0.0,0.0,0.0
216829320124,1.0,0.0,0.0,0.0,0.0,0.0,0.0,0.0,0.0,-94.0
217431566322,1.0,0.0,0.0,0.0,0.0,0.0,0.0,-87.0,0.0,0.0
217465125124,1.0,0.0,0.0,0.0,0.0,0.0,-86.0,0.0,0.0,0.0
217807010801,1.0,0.0,0.0,0.0,0.0,0.0,-77.0,0.0,0.0,0.0
217987434811,1.0,0.0,0.0,-92.0,0.0,0.0,0.0,0.0,0.0,0.0
218456700957,1.0,0.0,0.0,0.0,0.0,0.0,-72.0,0.0,0.0,0.0
218492170540,1.0,0.0,0.0,0.0,0.0,0.0,0.0,0.0,0.0,-86.0
220602705174,1.0,0.0,0.0,0.0,0.0,0.0,-70.0,0.0,0.0,0.0
221103733820,1.0,0.0,0.0,0.0,0.0,0.0,-60.0,0.0,0.0,0.0
221247938351,1.0,0.0,0.0,0.0,0.0,0.0,0.0,0.0,0.0,-92.0
221261263976,1.0,0.0,0.0,0.0,0.0,0.0,-59.0,0.0,0.0,0.0
221423195591,1.0,0.0,0.0,0.0,0.0,0.0,-55.0,0.0,0.0,0.0
221611848924,1.0,0.0,0.0,0.0,0.0,0.0,0.0,0.0,-88.0,0.0
221754882830,1.0,0.0,0.0,0.0,0.0,0.0,-60.0,0.0,0.0,0.0
221799153716,1.0,0.0,0.0,0.0,0.0,0.0,0.0,0.0,0.0,-77.0
222244933976,1.0,0.0,0.0,0.0,0.0,0.0,-63.0,0.0,0.0,0.0
222952498090,1.0,0.0,0.0,0.0,0.0,0.0,-72.0,0.0,0.0,0.0
223442239080,1.0,0.0,0.0,0.0,0.0,0.0,0.0,0.0,0.0,-93.0
225518747673,1.0,0.0,0.0,0.0,0.0,0.0,-83.0,0.0,0.0,0.0
225641547829,1.0,0.0,0.0,0.0,0.0,0.0,0.0,0.0,0.0,-76.0
225703854391,1.0,0.0,0.0,-97.0,0.0,0.0,0.0,0.0,0.0,0.0
225839478506,1.0,0.0,0.0,0.0,0.0,0.0,-78.0,0.0,0.0,0.0
226173637568,1.0,0.0,0.0,0.0,0.0,0.0,-83.0,0.0,0.0,0.0
226195685224,1.0,0.0,0.0,0.0,0.0,0.0,0.0,0.0,0.0,-68.0
226255002204,1.0,0.0,0.0,-95.0,0.0,0.0,0.0,0.0,0.0,0.0
226507903297,1.0,0.0,0.0,0.0,0.0,0.0,-81.0,0.0,0.0,0.0
226573405901,1.0,0.0,0.0,0.0,0.0,0.0,0.0,0.0,-90.0,0.0
226678168193,1.0,0.0,0.0,0.0,0.0,0.0,-75.0,0.0,0.0,0.0
226842555433,1.0,0.0,0.0,0.0,0.0,0.0,-77.0,0.0,0.0,0.0
226998792828,1.0,0.0,0.0,0.0,0.0,0.0,-72.0,0.0,0.0,0.0
227169510745,1.0,0.0,0.0,0.0,0.0,0.0,-70.0,0.0,0.0,0.0
227500893297,1.0,0.0,0.0,0.0,0.0,0.0,-79.0,0.0,0.0,0.0
227671234495,1.0,0.0,0.0,0.0,0.0,0.0,-74.0,0.0,0.0,0.0
227843466161,1.0,0.0,0.0,0.0,0.0,0.0,0.0,0.0,0.0,-71.0
227904078609,1.0,0.0,0.0,-94.0,0.0,0.0,0.0,0.0,0.0,0.0
228004936890,1.0,0.0,0.0,0.0,0.0,0.0,-70.0,0.0,0.0,0.0
228498677046,1.0,0.0,0.0,0.0,0.0,0.0,-70.0,0.0,0.0,0.0
230107376369,1.0,0.0,0.0,-92.0,0.0,0.0,0.0,0.0,0.0,0.0
230448803400,1.0,0.0,0.0,0.0,0.0,0.0,-72.0,0.0,0.0,0.0
230600476212,1.0,0.0,0.0,0.0,0.0,0.0,0.0,0.0,0.0,-66.0
230622499337,1.0,0.0,0.0,0.0,0.0,0.0,-69.0,0.0,0.0,0.0
230659124546,1.0,0.0,0.0,-90.0,0.0,0.0,0.0,0.0,0.0,0.0
230949564546,1.0,0.0,0.0,0.0,0.0,0.0,-75.0,0.0,0.0,0.0
231209604650,1.0,0.0,0.0,-93.0,0.0,0.0,0.0,0.0,0.0,0.0
231267964337,1.0,0.0,0.0,0.0,0.0,0.0,-70.0,0.0,0.0,0.0
231766170014,1.0,0.0,0.0,-86.0,0.0,0.0,0.0,0.0,0.0,0.0
231774714545,1.0,0.0,0.0,0.0,0.0,0.0,-71.0,0.0,0.0,0.0
231940477618,1.0,0.0,0.0,0.0,0.0,0.0,-65.0,0.0,0.0,0.0
232323607826,1.0,0.0,0.0,-88.0,0.0,0.0,0.0,0.0,0.0,0.0
232603161107,1.0,0.0,0.0,0.0,0.0,0.0,-80.0,0.0,0.0,0.0
232653434232,1.0,0.0,0.0,0.0,0.0,0.0,0.0,0.0,-94.0,0.0
235000316627,1.0,0.0,0.0,0.0,0.0,0.0,0.0,0.0,0.0,-75.0
235076445898,1.0,0.0,0.0,0.0,0.0,0.0,-93.0,0.0,0.0,0.0
235421343711,1.0,0.0,0.0,0.0,0.0,0.0,-70.0,0.0,0.0,0.0
235633555013,1.0,0.0,0.0,-89.0,0.0,0.0,0.0,0.0,0.0,0.0
235739927044,1.0,0.0,0.0,0.0,0.0,0.0,-73.0,0.0,0.0,0.0
236181330273,1.0,0.0,0.0,-93.0,0.0,0.0,0.0,0.0,0.0,0.0
236740578241,1.0,0.0,0.0,0.0,0.0,0.0,-77.0,0.0,0.0,0.0
236901289022,1.0,0.0,0.0,0.0,0.0,0.0,-73.0,0.0,0.0,0.0
237053055324,1.0,0.0,0.0,0.0,0.0,0.0,0.0,0.0,-90.0,0.0
237064809491,1.0,0.0,0.0,0.0,0.0,0.0,-78.0,0.0,0.0,0.0
237399607043,1.0,0.0,0.0,0.0,0.0,0.0,-74.0,0.0,0.0,0.0
237610778658,1.0,0.0,0.0,0.0,0.0,0.0,0.0,0.0,-88.0,0.0
239812661313,1.0,0.0,0.0,0.0,0.0,0.0,0.0,0.0,-88.0,0.0
240028405688,1.0,0.0,0.0,0.0,0.0,0.0,-86.0,0.0,0.0,0.0
240047650480,1.0,0.0,0.0,-87.0,0.0,0.0,0.0,0.0,0.0,0.0
240365652667,1.0,0.0,0.0,0.0,0.0,0.0,0.0,0.0,-83.0,0.0
240534310219,1.0,0.0,0.0,0.0,0.0,0.0,-93.0,0.0,0.0,0.0
240593987563,1.0,0.0,0.0,-92.0,0.0,0.0,0.0,0.0,0.0,0.0
241200687406,1.0,0.0,0.0,0.0,0.0,0.0,-75.0,0.0,0.0,0.0
241532621729,1.0,0.0,0.0,0.0,0.0,0.0,-79.0,0.0,0.0,0.0
241608989489,1.0,0.0,0.0,0.0,0.0,0.0,0.0,0.0,0.0,-74.0
242244532666,1.0,0.0,0.0,-89.0,0.0,0.0,0.0,0.0,0.0,0.0
242707853656,1.0,0.0,0.0,0.0,0.0,0.0,0.0,0.0,0.0,-71.0
242851824333,1.0,0.0,0.0,0.0,0.0,0.0,-83.0,0.0,0.0,0.0
243336771832,1.0,0.0,0.0,0.0,0.0,0.0,-92.0,0.0,0.0,0.0
243674793551,1.0,0.0,0.0,0.0,0.0,0.0,-75.0,0.0,0.0,0.0
243834994384,1.0,0.0,0.0,0.0,0.0,0.0,-78.0,0.0,0.0,0.0
243997640738,1.0,0.0,0.0,0.0,0.0,0.0,-75.0,0.0,0.0,0.0
244233151936,1.0,0.0,0.0,0.0,0.0,0.0,0.0,0.0,-85.0,0.0
244824782926,1.0,0.0,0.0,0.0,0.0,0.0,-84.0,0.0,0.0,0.0
244991949853,1.0,0.0,0.0,0.0,0.0,0.0,-85.0,0.0,0.0,0.0
245008192613,1.0,0.0,0.0,-95.0,0.0,0.0,0.0,0.0,0.0,0.0
245165995061,1.0,0.0,0.0,0.0,0.0,0.0,-75.0,0.0,0.0,0.0
245491436259,1.0,0.0,0.0,0.0,0.0,0.0,-81.0,0.0,0.0,0.0
245894615009,1.0,0.0,0.0,0.0,0.0,0.0,0.0,0.0,-94.0,0.0
246120314123,1.0,0.0,0.0,-94.0,0.0,0.0,0.0,0.0,0.0,0.0
246329171883,1.0,0.0,0.0,0.0,0.0,0.0,-76.0,0.0,0.0,0.0
246488726883,1.0,0.0,0.0,0.0,0.0,0.0,-75.0,0.0,0.0,0.0
246668771050,1.0,0.0,0.0,-88.0,0.0,0.0,0.0,0.0,0.0,0.0
247469117039,1.0,0.0,0.0,0.0,0.0,0.0,-76.0,0.0,0.0,0.0
249423387455,1.0,0.0,0.0,-91.0,0.0,0.0,0.0,0.0,0.0,0.0
249623980476,1.0,0.0,0.0,0.0,0.0,0.0,-77.0,0.0,0.0,0.0
249744386778,1.0,0.0,0.0,0.0,0.0,0.0,0.0,0.0,-80.0,0.0
249954230215,1.0,0.0,0.0,0.0,0.0,0.0,-88.0,0.0,0.0,0.0
250298594382,1.0,0.0,0.0,0.0,0.0,0.0,0.0,0.0,-86.0,0.0
251106475475,1.0,0.0,0.0,0.0,0.0,0.0,-77.0,0.0,0.0,0.0
251401231465,1.0,0.0,0.0,0.0,0.0,0.0,0.0,0.0,-87.0,0.0
251436005527,1.0,0.0,0.0,0.0,0.0,0.0,-72.0,0.0,0.0,0.0
251522668704,1.0,0.0,0.0,0.0,0.0,0.0,0.0,0.0,0.0,-72.0
251599066256,1.0,0.0,0.0,0.0,0.0,0.0,-81.0,0.0,0.0,0.0
251630776986,1.0,0.0,0.0,-94.0,0.0,0.0,0.0,0.0,0.0,0.0
252097094225,1.0,0.0,0.0,0.0,0.0,0.0,-84.0,0.0,0.0,0.0
252590520527,1.0,0.0,0.0,0.0,0.0,0.0,-76.0,0.0,0.0,0.0
253248369381,1.0,0.0,0.0,0.0,0.0,0.0,-78.0,0.0,0.0,0.0
253280909693,1.0,0.0,0.0,-90.0,0.0,0.0,0.0,0.0,0.0,0.0
253581446047,1.0,0.0,0.0,0.0,0.0,0.0,-82.0,0.0,0.0,0.0
253591866360,1.0,0.0,0.0,0.0,0.0,0.0,0.0,0.0,-90.0,0.0
253728615162,1.0,0.0,0.0,0.0,0.0,0.0,0.0,0.0,0.0,-72.0
253745304641,1.0,0.0,0.0,0.0,0.0,0.0,-85.0,0.0,0.0,0.0
253827739901,1.0,0.0,0.0,-88.0,0.0,0.0,0.0,0.0,0.0,0.0
254245964849,1.0,0.0,0.0,0.0,0.0,0.0,-88.0,0.0,0.0,0.0
254375637974,1.0,0.0,0.0,-88.0,0.0,0.0,0.0,0.0,0.0,0.0
254563606203,1.0,0.0,0.0,0.0,0.0,0.0,-88.0,0.0,0.0,0.0
254702247818,1.0,0.0,0.0,0.0,0.0,0.0,0.0,0.0,-86.0,0.0
254724696880,1.0,0.0,0.0,0.0,0.0,0.0,-94.0,0.0,0.0,0.0
255252711047,1.0,0.0,0.0,0.0,0.0,0.0,0.0,0.0,-73.0,0.0
255545441151,1.0,0.0,0.0,0.0,0.0,0.0,-89.0,0.0,0.0,0.0
255711643547,1.0,0.0,0.0,0.0,0.0,0.0,-88.0,0.0,0.0,0.0
255803882974,1.0,0.0,0.0,0.0,0.0,0.0,0.0,0.0,-77.0,0.0
255881820994,1.0,0.0,0.0,0.0,0.0,0.0,-82.0,0.0,0.0,0.0
256221956984,1.0,0.0,0.0,0.0,0.0,0.0,-86.0,0.0,0.0,0.0
256353731932,1.0,0.0,0.0,0.0,0.0,0.0,0.0,0.0,-74.0,0.0
256360212713,1.0,0.0,0.0,0.0,0.0,0.0,0.0,-93.0,0.0,0.0
256378008182,1.0,0.0,0.0,0.0,0.0,0.0,-95.0,0.0,0.0,0.0
256578559692,1.0,0.0,0.0,-74.0,0.0,0.0,0.0,0.0,0.0,0.0
256881004275,1.0,0.0,0.0,0.0,0.0,0.0,-93.0,0.0,0.0,0.0
256897797609,1.0,0.0,0.0,0.0,0.0,0.0,0.0,0.0,-70.0,0.0
257131597608,1.0,0.0,0.0,-78.0,0.0,0.0,0.0,0.0,0.0,0.0
257216923286,1.0,0.0,0.0,0.0,0.0,0.0,-92.0,0.0,0.0,0.0
257383778442,1.0,0.0,0.0,0.0,0.0,0.0,-83.0,0.0,0.0,0.0
257452495108,1.0,0.0,0.0,0.0,0.0,0.0,0.0,0.0,-74.0,0.0
257586090056,1.0,0.0,0.0,0.0,0.0,0.0,0.0,0.0,0.0,-74.0
258134957712,1.0,0.0,0.0,0.0,0.0,0.0,0.0,0.0,0.0,-78.0
258210253441,1.0,0.0,0.0,0.0,0.0,0.0,-88.0,0.0,0.0,0.0
258239676098,1.0,0.0,0.0,-80.0,0.0,0.0,0.0,0.0,0.0,0.0
260211706826,1.0,0.0,0.0,0.0,0.0,0.0,0.0,0.0,-71.0,0.0
260343115420,1.0,0.0,0.0,0.0,0.0,0.0,-93.0,0.0,0.0,0.0
261312267294,1.0,0.0,0.0,0.0,0.0,0.0,0.0,0.0,-74.0,0.0
261427607034,1.0,0.0,0.0,0.0,0.0,0.0,0.0,0.0,0.0,-83.0
261526509378,1.0,0.0,0.0,-82.0,0.0,0.0,0.0,0.0,0.0,0.0
261855469690,1.0,0.0,0.0,0.0,0.0,0.0,0.0,0.0,-76.0,0.0
262634579481,1.0,0.0,0.0,-81.0,0.0,0.0,0.0,0.0,0.0,0.0
263173556721,1.0,0.0,0.0,0.0,0.0,0.0,-90.0,0.0,0.0,0.0
263189129221,1.0,0.0,0.0,-82.0,0.0,0.0,0.0,0.0,0.0,0.0
277418919424,1.0,0.0,0.0,0.0,0.0,0.0,0.0,0.0,0.0,-87.0
280508089839,1.0,0.0,0.0,0.0,0.0,0.0,-88.0,0.0,0.0,0.0
280668494527,1.0,0.0,0.0,0.0,0.0,0.0,-88.0,0.0,0.0,0.0
281001785516,1.0,0.0,0.0,0.0,0.0,0.0,-90.0,0.0,0.0,0.0
281920250255,1.0,0.0,0.0,-83.0,0.0,0.0,0.0,0.0,0.0,0.0
281991503120,1.0,0.0,0.0,0.0,0.0,0.0,-84.0,0.0,0.0,0.0
282467944578,1.0,0.0,0.0,-85.0,0.0,0.0,0.0,0.0,0.0,0.0
286100897337,1.0,0.0,0.0,0.0,0.0,0.0,0.0,0.0,-82.0,0.0
286116702702,1.0,0.0,0.0,0.0,0.0,0.0,-82.0,0.0,0.0,0.0
286234121972,1.0,0.0,0.0,0.0,0.0,0.0,0.0,0.0,0.0,-88.0
286328499108,1.0,0.0,0.0,-74.0,0.0,0.0,0.0,0.0,0.0,0.0
286573227024,1.0,-101.0,0.0,0.0,0.0,0.0,0.0,0.0,0.0,0.0
286785751347,1.0,-100.0,0.0,0.0,0.0,0.0,0.0,0.0,0.0,0.0
286833994420,1.0,-95.0,0.0,0.0,0.0,0.0,0.0,0.0,0.0,0.0
286839012128,1.0,0.0,-93.0,0.0,0.0,0.0,0.0,0.0,0.0,0.0
286951565774,1.0,0.0,0.0,0.0,0.0,0.0,-81.0,0.0,0.0,0.0
287050192128,1.0,-96.0,0.0,0.0,0.0,0.0,0.0,0.0,0.0,0.0
287111605566,1.0,-92.0,0.0,0.0,0.0,0.0,0.0,0.0,0.0,0.0
287118215462,1.0,0.0,0.0,0.0,0.0,0.0,-88.0,0.0,0.0,0.0
287121420305,1.0,-93.0,0.0,0.0,0.0,0.0,0.0,0.0,0.0,0.0
287188366503,1.0,0.0,0.0,0.0,0.0,0.0,0.0,0.0,-92.0,0.0
287214333170,1.0,-95.0,0.0,0.0,0.0,0.0,0.0,0.0,0.0,0.0
287246968691,1.0,-95.0,0.0,0.0,0.0,0.0,0.0,0.0,0.0,0.0
287422795201,1.0,-100.0,0.0,0.0,0.0,0.0,0.0,0.0,0.0,0.0
287436016295,1.0,0.0,0.0,-69.0,0.0,0.0,0.0,0.0,0.0,0.0
287442857284,1.0,-92.0,0.0,0.0,0.0,0.0,0.0,0.0,0.0,0.0
287447482024,1.0,0.0,0.0,0.0,0.0,0.0,-83.0,0.0,0.0,0.0
291258009002,1.0,0.0,0.0,0.0,0.0,0.0,-85.0,0.0,0.0,0.0
291283189575,1.0,0.0,0.0,-87.0,0.0,0.0,0.0,0.0,0.0,0.0
291592955356,1.0,0.0,0.0,0.0,0.0,0.0,-77.0,0.0,0.0,0.0
292157149991,1.0,0.0,0.0,0.0,0.0,0.0,0.0,0.0,-82.0,0.0
292242578689,1.0,0.0,0.0,0.0,0.0,0.0,-81.0,0.0,0.0,0.0
292298104053,1.0,0.0,0.0,0.0,0.0,0.0,0.0,0.0,0.0,-86.0
295689117021,1.0,0.0,0.0,-83.0,0.0,0.0,0.0,0.0,0.0,0.0
295703442698,1.0,0.0,0.0,0.0,0.0,0.0,-83.0,0.0,0.0,0.0
296158794260,1.0,0.0,0.0,0.0,0.0,0.0,0.0,0.0,0.0,-79.0
296205325875,1.0,0.0,0.0,0.0,0.0,0.0,-80.0,0.0,0.0,0.0
296242030979,1.0,0.0,0.0,-77.0,0.0,0.0,0.0,0.0,0.0,0.0
296795874937,1.0,0.0,0.0,-79.0,0.0,0.0,0.0,0.0,0.0,0.0
296874888687,1.0,0.0,0.0,0.0,0.0,0.0,-90.0,0.0,0.0,0.0
297261950718,1.0,0.0,0.0,0.0,0.0,0.0,0.0,0.0,0.0,-83.0
297688064468,1.0,0.0,0.0,0.0,0.0,0.0,-87.0,0.0,0.0,0.0
300649878790,1.0,0.0,0.0,-83.0,0.0,0.0,0.0,0.0,0.0,0.0
300657955873,1.0,0.0,0.0,0.0,0.0,0.0,-90.0,0.0,0.0,0.0
300989149102,1.0,0.0,0.0,0.0,0.0,0.0,-94.0,0.0,0.0,0.0
301201716498,1.0,0.0,0.0,-85.0,0.0,0.0,0.0,0.0,0.0,0.0
301323119779,1.0,0.0,0.0,0.0,0.0,0.0,-88.0,0.0,0.0,0.0
301827880925,1.0,0.0,0.0,0.0,0.0,0.0,-88.0,0.0,0.0,0.0
301990802904,1.0,0.0,0.0,0.0,0.0,0.0,-87.0,0.0,0.0,0.0
302182713164,1.0,0.0,-99.0,0.0,0.0,0.0,0.0,0.0,0.0,0.0
302304724727,1.0,0.0,0.0,-79.0,0.0,0.0,0.0,0.0,0.0,0.0
302314809362,1.0,0.0,0.0,0.0,0.0,0.0,-84.0,0.0,0.0,0.0
302807754935,1.0,0.0,0.0,0.0,0.0,0.0,-90.0,0.0,0.0,0.0
305488377330,1.0,0.0,-90.0,0.0,0.0,0.0,0.0,0.0,0.0,0.0
305528201236,1.0,0.0,0.0,0.0,0.0,0.0,0.0,0.0,0.0,-90.0
305787842121,1.0,0.0,0.0,0.0,0.0,0.0,-82.0,0.0,0.0,0.0
305858060559,1.0,0.0,-92.0,0.0,0.0,0.0,0.0,0.0,0.0,0.0
305943312590,1.0,0.0,0.0,0.0,0.0,0.0,-88.0,0.0,0.0,0.0
306154592329,1.0,0.0,0.0,-76.0,0.0,0.0,0.0,0.0,0.0,0.0
306773436912,1.0,0.0,0.0,0.0,0.0,0.0,-86.0,0.0,0.0,0.0
307038264725,1.0,0.0,0.0,0.0,0.0,0.0,0.0,0.0,-90.0,0.0
307100421756,1.0,0.0,0.0,0.0,0.0,0.0,-87.0,0.0,0.0,0.0
307140851964,1.0,0.0,-87.0,0.0,0.0,0.0,0.0,0.0,0.0,0.0
307178168423,1.0,0.0,0.0,0.0,0.0,0.0,0.0,0.0,0.0,-95.0
307262696496,1.0,0.0,0.0,0.0,0.0,0.0,-92.0,0.0,0.0,0.0
307807182850,1.0,0.0,0.0,-62.0,0.0,0.0,0.0,0.0,0.0,0.0
311896263004,1.0,0.0,-87.0,0.0,0.0,0.0,0.0,0.0,0.0,0.0
312146534358,1.0,0.0,0.0,0.0,0.0,0.0,0.0,0.0,0.0,-94.0
312684897223,1.0,0.0,0.0,0.0,0.0,0.0,-95.0,0.0,0.0,0.0
312856958004,1.0,0.0,0.0,0.0,0.0,0.0,-90.0,0.0,0.0,0.0
313164144254,1.0,0.0,-86.0,0.0,0.0,0.0,0.0,0.0,0.0,0.0
313352465035,1.0,0.0,0.0,0.0,0.0,0.0,-89.0,0.0,0.0,0.0
316165737742,1.0,0.0,0.0,0.0,0.0,0.0,-83.0,0.0,0.0,0.0
316329639148,1.0,0.0,0.0,0.0,0.0,0.0,-92.0,0.0,0.0,0.0
316455139513,1.0,0.0,-92.0,0.0,0.0,0.0,0.0,0.0,0.0,0.0
316500681753,1.0,0.0,0.0,0.0,0.0,0.0,-81.0,0.0,0.0,0.0
316645551805,1.0,0.0,0.0,-90.0,0.0,0.0,0.0,0.0,0.0,0.0
316667667377,1.0,0.0,0.0,0.0,0.0,0.0,-78.0,0.0,0.0,0.0
316821654461,1.0,0.0,-86.0,0.0,0.0,0.0,0.0,0.0,0.0,0.0
316834837482,1.0,0.0,0.0,0.0,0.0,0.0,-82.0,0.0,0.0,0.0
316998237377,1.0,0.0,0.0,0.0,0.0,0.0,-83.0,0.0,0.0,0.0
317002684200,1.0,0.0,-85.0,0.0,0.0,0.0,0.0,0.0,0.0,0.0
317142615346,1.0,0.0,0.0,0.0,0.0,0.0,0.0,0.0,0.0,-89.0
317187599513,1.0,0.0,-89.0,0.0,0.0,0.0,0.0,0.0,0.0,0.0
317333424461,1.0,0.0,0.0,0.0,0.0,0.0,-85.0,0.0,0.0,0.0
317558494877,1.0,0.0,-90.0,0.0,0.0,0.0,0.0,0.0,0.0,0.0
318003420814,1.0,0.0,0.0,0.0,0.0,0.0,-78.0,0.0,0.0,0.0
318102472741,1.0,0.0,-91.0,0.0,0.0,0.0,0.0,0.0,0.0,0.0
318302174460,1.0,0.0,0.0,-93.0,0.0,0.0,0.0,0.0,0.0,0.0
320768113261,1.0,0.0,0.0,0.0,0.0,0.0,-75.0,0.0,0.0,0.0
321104531178,1.0,0.0,0.0,0.0,0.0,0.0,-76.0,0.0,0.0,0.0
321518680657,1.0,0.0,0.0,0.0,0.0,0.0,0.0,0.0,0.0,-82.0
321606561282,1.0,0.0,0.0,0.0,0.0,0.0,-71.0,0.0,0.0,0.0
321892620709,1.0,0.0,0.0,0.0,0.0,0.0,0.0,0.0,-95.0,0.0
321924615448,1.0,0.0,0.0,0.0,0.0,0.0,-64.0,0.0,0.0,0.0
322093396386,1.0,0.0,0.0,0.0,0.0,0.0,-66.0,0.0,0.0,0.0
322144892844,1.0,0.0,0.0,-94.0,0.0,0.0,0.0,0.0,0.0,0.0
322256942740,1.0,0.0,0.0,0.0,0.0,0.0,-60.0,0.0,0.0,0.0
322626039406,1.0,0.0,0.0,0.0,0.0,0.0,0.0,0.0,0.0,-84.0
323084638260,1.0,0.0,0.0,0.0,0.0,0.0,-61.0,0.0,0.0,0.0
323247578417,1.0,0.0,0.0,-89.0,0.0,0.0,0.0,0.0,0.0,0.0
323413590656,1.0,0.0,0.0,0.0,0.0,0.0,-68.0,0.0,0.0,0.0
323585471229,1.0,0.0,0.0,0.0,0.0,0.0,-78.0,0.0,0.0,0.0
325392063676,1.0,0.0,0.0,0.0,0.0,0.0,-68.0,0.0,0.0,0.0
325546788884,1.0,0.0,0.0,0.0,0.0,0.0,-71.0,0.0,0.0,0.0
325883639405,1.0,0.0,0.0,0.0,0.0,0.0,-76.0,0.0,0.0,0.0
326217434457,1.0,0.0,0.0,0.0,0.0,0.0,-75.0,0.0,0.0,0.0
326542149040,1.0,0.0,0.0,0.0,0.0,0.0,-79.0,0.0,0.0,0.0
326552707947,1.0,0.0,0.0,-90.0,0.0,0.0,0.0,0.0,0.0,0.0
326872893207,1.0,0.0,0.0,0.0,0.0,0.0,-70.0,0.0,0.0,0.0
330156035393,1.0,0.0,0.0,0.0,0.0,0.0,-69.0,0.0,0.0,0.0
330182591383,1.0,0.0,0.0,0.0,0.0,0.0,0.0,0.0,-84.0,0.0
330728639143,1.0,0.0,0.0,0.0,0.0,0.0,0.0,0.0,-90.0,0.0
330828659247,1.0,0.0,0.0,0.0,0.0,0.0,-74.0,0.0,0.0,0.0
330997840914,1.0,0.0,0.0,0.0,0.0,0.0,-74.0,0.0,0.0,0.0
331323814455,1.0,0.0,0.0,0.0,0.0,0.0,-78.0,0.0,0.0,0.0
331976444611,1.0,0.0,0.0,0.0,0.0,0.0,-72.0,0.0,0.0,0.0
332150389351,1.0,0.0,0.0,0.0,0.0,0.0,-82.0,0.0,0.0,0.0
332469197059,1.0,0.0,0.0,0.0,0.0,0.0,-88.0,0.0,0.0,0.0
334950483933,1.0,0.0,0.0,0.0,0.0,0.0,-73.0,0.0,0.0,0.0
335324379089,1.0,0.0,0.0,0.0,0.0,0.0,0.0,0.0,0.0,-77.0
335598314349,1.0,0.0,0.0,0.0,0.0,0.0,-67.0,0.0,0.0,0.0
335925990912,1.0,0.0,0.0,-86.0,0.0,0.0,0.0,0.0,0.0,0.0
336269818672,1.0,0.0,0.0,0.0,0.0,0.0,-72.0,0.0,0.0,0.0
336768966953,1.0,0.0,0.0,0.0,0.0,0.0,-75.0,0.0,0.0,0.0
336775221380,1.0,0.0,0.0,0.0,0.0,0.0,0.0,0.0,-88.0,0.0
337102760078,1.0,0.0,0.0,0.0,0.0,0.0,-70.0,0.0,0.0,0.0
337265251484,1.0,0.0,0.0,0.0,0.0,0.0,-72.0,0.0,0.0,0.0
337320317578,1.0,0.0,0.0,0.0,0.0,0.0,0.0,0.0,-88.0,0.0
340056878566,1.0,0.0,0.0,0.0,0.0,0.0,-73.0,0.0,0.0,0.0
340076446275,1.0,0.0,0.0,0.0,0.0,0.0,0.0,0.0,-94.0,0.0
340285492733,1.0,0.0,0.0,0.0,0.0,0.0,0.0,0.0,0.0,-75.0
340389888670,1.0,0.0,0.0,0.0,0.0,0.0,-72.0,0.0,0.0,0.0
340635502264,1.0,0.0,0.0,0.0,0.0,0.0,0.0,0.0,-86.0,0.0
340720703566,1.0,0.0,0.0,0.0,0.0,0.0,-67.0,0.0,0.0,0.0
340845670597,1.0,0.0,0.0,0.0,0.0,0.0,0.0,0.0,0.0,-86.0
341051674816,1.0,0.0,0.0,0.0,0.0,0.0,-67.0,0.0,0.0,0.0
341395635910,1.0,0.0,0.0,0.0,0.0,0.0,0.0,0.0,0.0,-76.0
341867669451,1.0,0.0,0.0,0.0,0.0,0.0,-68.0,0.0,0.0,0.0
341988751587,1.0,0.0,0.0,-94.0,0.0,0.0,0.0,0.0,0.0,0.0
342218409920,1.0,0.0,0.0,0.0,0.0,0.0,-70.0,0.0,0.0,0.0
342283032316,1.0,0.0,0.0,0.0,0.0,0.0,0.0,0.0,-91.0,0.0
342491656691,1.0,0.0,0.0,0.0,0.0,0.0,0.0,0.0,0.0,-71.0
345672531846,1.0,0.0,0.0,0.0,0.0,0.0,-85.0,0.0,0.0,0.0
345810245335,1.0,0.0,0.0,0.0,0.0,0.0,0.0,0.0,0.0,-74.0
345835724606,1.0,0.0,0.0,0.0,0.0,0.0,-73.0,0.0,0.0,0.0
345845352679,1.0,0.0,0.0,-93.0,0.0,0.0,0.0,0.0,0.0,0.0
346133547887,1.0,0.0,0.0,0.0,0.0,0.0,0.0,0.0,-87.0,0.0
346165548512,1.0,0.0,0.0,0.0,0.0,0.0,-80.0,0.0,0.0,0.0
346494295595,1.0,0.0,0.0,0.0,0.0,0.0,-82.0,0.0,0.0,0.0
346904870335,1.0,0.0,0.0,0.0,0.0,0.0,0.0,0.0,0.0,-60.0
346991271428,1.0,0.0,0.0,0.0,0.0,0.0,-81.0,0.0,0.0,0.0
347492439032,1.0,0.0,0.0,0.0,0.0,0.0,-79.0,0.0,0.0,0.0
347495256012,1.0,0.0,0.0,-96.0,0.0,0.0,0.0,0.0,0.0,0.0
347828374241,1.0,0.0,0.0,0.0,0.0,0.0,-90.0,0.0,0.0,0.0
350215831063,1.0,0.0,0.0,0.0,0.0,0.0,0.0,0.0,0.0,-71.0
350550165437,1.0,0.0,0.0,0.0,0.0,0.0,0.0,0.0,-90.0,0.0
350768116219,1.0,0.0,0.0,0.0,0.0,0.0,0.0,0.0,0.0,-75.0
350797616739,1.0,0.0,0.0,0.0,0.0,0.0,-76.0,0.0,0.0,0.0
351134265854,1.0,0.0,0.0,0.0,0.0,0.0,-74.0,0.0,0.0,0.0
351292239552,1.0,0.0,0.0,0.0,0.0,0.0,-79.0,0.0,0.0,0.0
351319828614,1.0,0.0,0.0,0.0,0.0,0.0,0.0,0.0,0.0,-71.0
351339139239,1.0,0.0,0.0,-91.0,0.0,0.0,0.0,0.0,0.0,0.0
351457873197,1.0,0.0,0.0,0.0,0.0,0.0,-77.0,0.0,0.0,0.0
351618352625,1.0,0.0,0.0,0.0,0.0,0.0,-87.0,0.0,0.0,0.0
351894037416,1.0,0.0,0.0,-93.0,0.0,0.0,0.0,0.0,0.0,0.0
352780425593,1.0,0.0,0.0,0.0,0.0,0.0,-77.0,0.0,0.0,0.0
352942423614,1.0,0.0,0.0,0.0,0.0,0.0,-79.0,0.0,0.0,0.0
352963599551,1.0,0.0,0.0,0.0,0.0,0.0,0.0,0.0,0.0,-80.0
352994742207,1.0,0.0,0.0,-80.0,0.0,0.0,0.0,0.0,0.0,0.0
355196889446,1.0,0.0,0.0,-87.0,0.0,0.0,0.0,0.0,0.0,0.0
355430189394,1.0,0.0,0.0,0.0,0.0,0.0,-85.0,0.0,0.0,0.0
355754988665,1.0,0.0,0.0,-81.0,0.0,0.0,0.0,0.0,0.0,0.0
355760880175,1.0,0.0,0.0,0.0,0.0,0.0,-87.0,0.0,0.0,0.0
355923953040,1.0,0.0,0.0,0.0,0.0,0.0,-79.0,0.0,0.0,0.0
356299038404,1.0,0.0,0.0,-79.0,0.0,0.0,0.0,0.0,0.0,0.0
356600977362,1.0,0.0,0.0,0.0,0.0,0.0,0.0,0.0,-82.0,0.0
356926113716,1.0,0.0,0.0,0.0,0.0,0.0,-92.0,0.0,0.0,0.0
357405276424,1.0,0.0,0.0,-78.0,0.0,0.0,0.0,0.0,0.0,0.0
357431444497,1.0,0.0,0.0,0.0,0.0,0.0,-92.0,0.0,0.0,0.0
357917082362,1.0,0.0,0.0,0.0,0.0,0.0,-86.0,0.0,0.0,0.0
357936485747,1.0,0.0,0.0,0.0,0.0,0.0,0.0,0.0,0.0,-83.0
359610629965,1.0,0.0,0.0,-85.0,0.0,0.0,0.0,0.0,0.0,0.0
359730911267,1.0,0.0,0.0,0.0,0.0,0.0,-92.0,0.0,0.0,0.0
359889150017,1.0,0.0,0.0,0.0,0.0,0.0,-86.0,0.0,0.0,0.0
359913696267,1.0,0.0,0.0,0.0,0.0,0.0,0.0,0.0,-77.0,0.0
360060613194,1.0,0.0,0.0,0.0,0.0,0.0,-84.0,0.0,0.0,0.0
360163482934,1.0,0.0,0.0,-92.0,0.0,0.0,0.0,0.0,0.0,0.0
361371943923,1.0,0.0,0.0,0.0,0.0,0.0,-87.0,0.0,0.0,0.0
361791772673,1.0,0.0,0.0,0.0,0.0,0.0,0.0,0.0,0.0,-91.0
361813943246,1.0,0.0,0.0,-82.0,0.0,0.0,0.0,0.0,0.0,0.0
361862947881,1.0,0.0,0.0,0.0,0.0,0.0,-91.0,0.0,0.0,0.0
362196662100,1.0,0.0,0.0,0.0,0.0,0.0,-90.0,0.0,0.0,0.0
362667873766,1.0,0.0,0.0,0.0,0.0,0.0,0.0,0.0,-68.0,0.0
362914613766,1.0,0.0,0.0,-82.0,0.0,0.0,0.0,0.0,0.0,0.0
364834064807,1.0,0.0,0.0,0.0,0.0,0.0,-87.0,0.0,0.0,0.0
364869106526,1.0,0.0,0.0,0.0,0.0,0.0,0.0,0.0,-78.0,0.0
365120987359,1.0,0.0,0.0,-84.0,0.0,0.0,0.0,0.0,0.0,0.0
365156542880,1.0,0.0,0.0,0.0,0.0,0.0,-89.0,0.0,0.0,0.0
365665310223,1.0,0.0,0.0,-88.0,0.0,0.0,0.0,0.0,0.0,0.0
365669287307,1.0,0.0,0.0,0.0,0.0,0.0,0.0,0.0,0.0,-87.0
474766513463,1.0,0.0,0.0,0.0,0.0,0.0,-90.0,0.0,0.0,0.0
474923022265,1.0,0.0,0.0,0.0,0.0,-86.0,0.0,0.0,0.0,0.0
474929073359,1.0,0.0,0.0,0.0,0.0,0.0,-86.0,0.0,0.0,0.0
474952455390,1.0,0.0,0.0,0.0,0.0,-89.0,0.0,0.0,0.0,0.0
475062232942,1.0,0.0,0.0,0.0,0.0,-96.0,0.0,0.0,0.0,0.0
475104372577,1.0,0.0,0.0,0.0,0.0,0.0,0.0,0.0,-81.0,0.0
475242747890,1.0,0.0,0.0,0.0,0.0,0.0,-79.0,0.0,0.0,0.0
475261852265,1.0,0.0,0.0,0.0,0.0,-86.0,0.0,0.0,0.0,0.0
475337352213,1.0,0.0,0.0,-78.0,0.0,0.0,0.0,0.0,0.0,0.0
475572054973,1.0,0.0,0.0,0.0,0.0,-90.0,0.0,0.0,0.0,0.0
475637527473,1.0,0.0,0.0,0.0,0.0,-88.0,0.0,0.0,0.0,0.0
475869987317,1.0,0.0,0.0,0.0,0.0,-86.0,0.0,0.0,0.0,0.0
475890509869,1.0,0.0,0.0,0.0,0.0,0.0,0.0,0.0,0.0,-80.0
476197926327,1.0,0.0,0.0,0.0,0.0,-88.0,0.0,0.0,0.0,0.0
476210402421,1.0,0.0,0.0,0.0,0.0,0.0,0.0,0.0,-83.0,0.0
476216694764,1.0,0.0,0.0,0.0,0.0,-100.0,0.0,0.0,0.0,0.0
476410481327,1.0,0.0,0.0,0.0,0.0,-98.0,0.0,0.0,0.0,0.0
476417726483,1.0,0.0,0.0,0.0,0.0,0.0,-79.0,0.0,0.0,0.0
476422406014,1.0,0.0,0.0,0.0,0.0,-87.0,0.0,0.0,0.0,0.0
476429648879,1.0,0.0,0.0,-81.0,0.0,0.0,0.0,0.0,0.0,0.0
476637719087,1.0,0.0,0.0,0.0,0.0,-89.0,0.0,0.0,0.0,0.0
476743245493,1.0,0.0,0.0,0.0,0.0,-97.0,0.0,0.0,0.0,0.0
476945626795,1.0,0.0,0.0,0.0,0.0,-87.0,0.0,0.0,0.0,0.0
476994577264,1.0,0.0,0.0,0.0,0.0,-94.0,0.0,0.0,0.0,0.0
476996864816,1.0,0.0,0.0,0.0,0.0,0.0,0.0,0.0,0.0,-88.0
477046923670,1.0,0.0,0.0,0.0,0.0,-89.0,0.0,0.0,0.0,0.0
477241793358,1.0,0.0,0.0,0.0,0.0,-91.0,0.0,0.0,0.0,0.0
477295174712,1.0,0.0,0.0,0.0,0.0,-90.0,0.0,0.0,0.0,0.0
477693579764,1.0,0.0,0.0,0.0,0.0,-93.0,0.0,0.0,0.0,0.0
477743148983,1.0,0.0,0.0,0.0,0.0,-88.0,0.0,0.0,0.0,0.0
478087923983,1.0,0.0,0.0,0.0,0.0,0.0,0.0,0.0,0.0,-97.0
478218375545,1.0,0.0,0.0,0.0,0.0,-97.0,0.0,0.0,0.0,0.0
478241931066,1.0,0.0,0.0,0.0,0.0,-94.0,0.0,0.0,0.0,0.0
480195307784,1.0,0.0,0.0,0.0,0.0,-95.0,0.0,0.0,0.0,0.0
480282986273,1.0,0.0,0.0,-93.0,0.0,0.0,0.0,0.0,0.0,0.0
480422934815,1.0,0.0,0.0,0.0,0.0,-91.0,0.0,0.0,0.0,0.0
480600778929,1.0,0.0,0.0,0.0,0.0,0.0,0.0,0.0,-87.0,0.0
480737245752,1.0,0.0,0.0,0.0,0.0,-99.0,0.0,0.0,0.0,0.0
480853263148,1.0,0.0,0.0,0.0,0.0,-87.0,0.0,0.0,0.0,0.0
481175538461,1.0,0.0,0.0,0.0,0.0,-87.0,0.0,0.0,0.0,0.0
481179281169,1.0,0.0,0.0,0.0,0.0,0.0,-93.0,0.0,0.0,0.0
481381298460,1.0,0.0,0.0,0.0,0.0,-90.0,0.0,0.0,0.0,0.0
481385293252,1.0,0.0,0.0,-70.0,0.0,0.0,0.0,0.0,0.0,0.0
481402223877,1.0,0.0,0.0,0.0,0.0,0.0,0.0,0.0,0.0,-84.0
481515444658,1.0,0.0,0.0,0.0,0.0,0.0,-87.0,0.0,0.0,0.0
481553788825,1.0,0.0,0.0,0.0,0.0,-97.0,0.0,0.0,0.0,0.0
481673918564,1.0,0.0,0.0,0.0,0.0,-96.0,0.0,0.0,0.0,0.0
481676747106,1.0,0.0,0.0,0.0,0.0,0.0,-88.0,0.0,0.0,0.0
481690213356,1.0,0.0,0.0,0.0,0.0,0.0,0.0,0.0,-90.0,0.0
481774257054,1.0,0.0,0.0,0.0,0.0,-95.0,0.0,0.0,0.0,0.0
481843935492,1.0,0.0,0.0,0.0,0.0,0.0,-90.0,0.0,0.0,0.0
481885485127,1.0,0.0,0.0,0.0,0.0,-88.0,0.0,0.0,0.0,0.0
481935414866,1.0,0.0,0.0,-81.0,0.0,0.0,0.0,0.0,0.0,0.0
481950832314,1.0,0.0,0.0,0.0,0.0,0.0,0.0,0.0,0.0,-90.0
482201015439,1.0,0.0,0.0,0.0,0.0,-95.0,0.0,0.0,0.0,0.0
482242717158,1.0,0.0,0.0,0.0,0.0,-92.0,0.0,0.0,0.0,0.0
483656124449,1.0,0.0,0.0,0.0,0.0,0.0,-93.0,0.0,0.0,0.0
483675361376,1.0,0.0,0.0,0.0,0.0,-94.0,0.0,0.0,0.0,0.0
483893215178,1.0,0.0,0.0,0.0,0.0,-96.0,0.0,0.0,0.0,0.0
483898227887,1.0,0.0,0.0,0.0,0.0,0.0,0.0,0.0,-85.0,0.0
484086465178,1.0,0.0,0.0,0.0,0.0,-92.0,0.0,0.0,0.0,0.0
484192035491,1.0,0.0,0.0,0.0,0.0,-93.0,0.0,0.0,0.0,0.0
484304071168,1.0,0.0,0.0,0.0,0.0,-94.0,0.0,0.0,0.0,0.0
484319775647,1.0,0.0,0.0,0.0,0.0,0.0,-86.0,0.0,0.0,0.0
484441821116,1.0,0.0,0.0,0.0,0.0,0.0,0.0,0.0,-90.0,0.0
484644293355,1.0,0.0,0.0,0.0,0.0,-92.0,0.0,0.0,0.0,0.0
484692041220,1.0,0.0,0.0,-71.0,0.0,0.0,0.0,0.0,0.0,0.0
484703180438,1.0,0.0,0.0,0.0,0.0,0.0,0.0,0.0,0.0,-90.0
484721203199,1.0,0.0,0.0,0.0,0.0,-97.0,0.0,0.0,0.0,0.0
484995874865,1.0,0.0,0.0,0.0,0.0,0.0,0.0,0.0,-87.0,0.0
485367406584,1.0,0.0,0.0,0.0,0.0,-98.0,0.0,0.0,0.0,0.0
485454503876,1.0,0.0,0.0,0.0,0.0,-96.0,0.0,0.0,0.0,0.0
485618727730,1.0,0.0,0.0,0.0,0.0,-101.0,0.0,0.0,0.0,0.0
485801681688,1.0,0.0,0.0,-73.0,0.0,0.0,0.0,0.0,0.0,0.0
485826923355,1.0,0.0,-94.0,0.0,0.0,0.0,0.0,0.0,0.0,0.0
486005536323,1.0,0.0,0.0,0.0,0.0,-94.0,0.0,0.0,0.0,0.0
486276974917,1.0,0.0,0.0,0.0,0.0,-92.0,0.0,0.0,0.0,0.0
486353817365,1.0,0.0,0.0,0.0,0.0,-97.0,0.0,0.0,0.0,0.0
486359553875,1.0,0.0,0.0,-78.0,0.0,0.0,0.0,0.0,0.0,0.0
486440767209,1.0,0.0,0.0,0.0,0.0,0.0,-74.0,0.0,0.0,0.0
486608089761,1.0,0.0,0.0,0.0,0.0,0.0,-79.0,0.0,0.0,0.0
486653993042,1.0,0.0,0.0,0.0,0.0,0.0,0.0,0.0,-86.0,0.0
486770285021,1.0,0.0,0.0,0.0,0.0,0.0,-77.0,0.0,0.0,0.0
487189462208,1.0,0.0,0.0,0.0,0.0,0.0,0.0,0.0,-80.0,0.0
489901507363,1.0,0.0,0.0,0.0,0.0,0.0,-90.0,0.0,0.0,0.0
490496287259,1.0,0.0,0.0,0.0,0.0,0.0,0.0,0.0,-78.0,0.0
490513518926,1.0,0.0,0.0,0.0,0.0,-92.0,0.0,0.0,0.0,0.0
490758919655,1.0,0.0,0.0,0.0,0.0,-93.0,0.0,0.0,0.0,0.0
490772671061,1.0,0.0,0.0,0.0,0.0,0.0,0.0,0.0,0.0,-81.0
491327381165,1.0,0.0,0.0,0.0,0.0,0.0,0.0,0.0,0.0,-83.0
491362204498,1.0,0.0,0.0,0.0,0.0,-98.0,0.0,0.0,0.0,0.0
491868721686,1.0,0.0,0.0,-81.0,0.0,0.0,0.0,0.0,0.0,0.0
491876544550,1.0,0.0,0.0,0.0,0.0,0.0,0.0,0.0,0.0,-87.0
492042632623,1.0,0.0,0.0,0.0,0.0,0.0,-84.0,0.0,0.0,0.0
492091840436,1.0,0.0,0.0,0.0,0.0,-98.0,0.0,0.0,0.0,0.0
492144436581,1.0,0.0,0.0,0.0,0.0,0.0,0.0,0.0,-82.0,0.0
492424168612,1.0,0.0,0.0,0.0,0.0,-93.0,0.0,0.0,0.0,0.0
492966183821,1.0,0.0,0.0,0.0,0.0,-95.0,0.0,0.0,0.0,0.0
492976045748,1.0,0.0,0.0,0.0,0.0,0.0,0.0,0.0,0.0,-86.0
493136852362,1.0,0.0,0.0,0.0,0.0,-86.0,0.0,0.0,0.0,0.0
493200881425,1.0,0.0,0.0,0.0,0.0,0.0,-90.0,0.0,0.0,0.0
493247978925,1.0,0.0,0.0,0.0,0.0,0.0,0.0,0.0,-85.0,0.0
493346173925,1.0,0.0,0.0,0.0,0.0,-94.0,0.0,0.0,0.0,0.0
493367333664,1.0,0.0,0.0,0.0,0.0,0.0,-84.0,0.0,0.0,0.0
493458930227,1.0,0.0,0.0,0.0,0.0,-91.0,0.0,0.0,0.0,0.0
493526740800,1.0,0.0,0.0,-80.0,0.0,0.0,0.0,0.0,0.0,0.0
493539258247,1.0,0.0,0.0,0.0,0.0,0.0,0.0,0.0,0.0,-77.0
493543004133,1.0,0.0,0.0,0.0,0.0,0.0,-84.0,0.0,0.0,0.0
493553839081,1.0,0.0,0.0,0.0,0.0,-92.0,0.0,0.0,0.0,0.0
493671640956,1.0,0.0,0.0,0.0,0.0,-100.0,0.0,0.0,0.0,0.0
493694069497,1.0,0.0,0.0,0.0,0.0,0.0,-97.0,0.0,0.0,0.0
493767409862,1.0,0.0,0.0,0.0,0.0,-95.0,0.0,0.0,0.0,0.0
495352342413,1.0,0.0,0.0,0.0,0.0,-94.0,0.0,0.0,0.0,0.0
495511983299,1.0,0.0,0.0,0.0,0.0,0.0,-93.0,0.0,0.0,0.0
495547229705,1.0,0.0,0.0,0.0,0.0,-93.0,0.0,0.0,0.0,0.0
495651297153,1.0,0.0,0.0,0.0,0.0,-96.0,0.0,0.0,0.0,0.0
495975491736,1.0,0.0,0.0,0.0,0.0,-93.0,0.0,0.0,0.0,0.0
496180842413,1.0,0.0,0.0,0.0,0.0,-93.0,0.0,0.0,0.0,0.0
496186125382,1.0,0.0,0.0,0.0,0.0,0.0,-94.0,0.0,0.0,0.0
496199718194,1.0,0.0,0.0,0.0,0.0,-92.0,0.0,0.0,0.0,0.0
496282403663,1.0,0.0,0.0,-88.0,0.0,0.0,0.0,0.0,0.0,0.0
496295739653,1.0,0.0,0.0,0.0,0.0,0.0,0.0,0.0,0.0,-84.0
496298561632,1.0,0.0,0.0,0.0,0.0,-96.0,0.0,0.0,0.0,0.0
496340416892,1.0,0.0,0.0,0.0,0.0,0.0,-86.0,0.0,0.0,0.0
496568802517,1.0,0.0,0.0,0.0,0.0,0.0,0.0,0.0,-80.0,0.0
496595611059,1.0,0.0,0.0,0.0,0.0,-83.0,0.0,0.0,0.0,0.0
496704290434,1.0,0.0,0.0,0.0,0.0,-94.0,0.0,0.0,0.0,0.0
496908473194,1.0,0.0,0.0,0.0,0.0,-86.0,0.0,0.0,0.0,0.0
496999517048,1.0,0.0,0.0,0.0,0.0,0.0,-93.0,0.0,0.0,0.0
497156511059,1.0,0.0,0.0,0.0,0.0,-92.0,0.0,0.0,0.0,0.0
497322974444,1.0,0.0,0.0,0.0,0.0,0.0,-90.0,0.0,0.0,0.0
497332653819,1.0,0.0,0.0,0.0,0.0,-90.0,0.0,0.0,0.0,0.0
497541900746,1.0,0.0,0.0,0.0,0.0,-91.0,0.0,0.0,0.0,0.0
497758395642,1.0,0.0,0.0,0.0,0.0,-90.0,0.0,0.0,0.0,0.0
497932050173,1.0,0.0,0.0,0.0,0.0,-89.0,0.0,0.0,0.0,0.0
497936623662,1.0,0.0,0.0,-79.0,0.0,0.0,0.0,0.0,0.0,0.0
497942634496,1.0,0.0,0.0,0.0,0.0,0.0,0.0,0.0,0.0,-80.0
497958283662,1.0,0.0,0.0,0.0,0.0,-80.0,0.0,0.0,0.0,0.0
498149412256,1.0,0.0,0.0,0.0,0.0,0.0,-84.0,0.0,0.0,0.0
498181969912,1.0,0.0,0.0,0.0,0.0,-92.0,0.0,0.0,0.0,0.0
498220667048,1.0,0.0,0.0,0.0,0.0,0.0,0.0,0.0,-97.0,0.0
498273943454,1.0,0.0,0.0,0.0,0.0,-93.0,0.0,0.0,0.0,0.0
498308743975,1.0,0.0,0.0,0.0,0.0,0.0,-92.0,0.0,0.0,0.0
498480894027,1.0,0.0,0.0,-81.0,0.0,0.0,0.0,0.0,0.0,0.0
498483168610,1.0,0.0,0.0,0.0,0.0,0.0,-88.0,0.0,0.0,0.0
498490150329,1.0,0.0,0.0,0.0,0.0,-99.0,0.0,0.0,0.0,0.0
498648020173,1.0,0.0,0.0,0.0,0.0,0.0,-83.0,0.0,0.0,0.0
498774123141,1.0,0.0,0.0,0.0,0.0,0.0,0.0,0.0,-82.0,0.0
498807294443,1.0,0.0,0.0,0.0,0.0,-95.0,0.0,0.0,0.0,0.0
498813284287,1.0,0.0,0.0,0.0,0.0,0.0,-94.0,0.0,0.0,0.0
499811311891,1.0,0.0,0.0,0.0,0.0,0.0,-92.0,0.0,0.0,0.0
500130964807,1.0,0.0,0.0,0.0,0.0,-92.0,0.0,0.0,0.0,0.0
500139821214,1.0,0.0,0.0,0.0,0.0,0.0,-88.0,0.0,0.0,0.0
500150326995,1.0,0.0,0.0,-78.0,0.0,0.0,0.0,0.0,0.0,0.0
500301831995,1.0,0.0,0.0,0.0,0.0,-92.0,0.0,0.0,0.0,0.0
500308909443,1.0,0.0,0.0,0.0,0.0,0.0,-83.0,0.0,0.0,0.0
500388550589,1.0,0.0,0.0,0.0,0.0,-90.0,0.0,0.0,0.0,0.0
500460820536,1.0,0.0,0.0,0.0,0.0,0.0,-89.0,0.0,0.0,0.0
500486601526,1.0,0.0,0.0,0.0,0.0,-90.0,0.0,0.0,0.0,0.0
500712777776,1.0,0.0,0.0,0.0,0.0,0.0,0.0,0.0,0.0,-84.0
500802898974,1.0,0.0,0.0,0.0,0.0,0.0,-84.0,0.0,0.0,0.0
500809253245,1.0,0.0,0.0,0.0,0.0,-85.0,0.0,0.0,0.0,0.0
500911604078,1.0,0.0,0.0,0.0,0.0,-93.0,0.0,0.0,0.0,0.0
500976757411,1.0,0.0,0.0,0.0,0.0,0.0,0.0,0.0,-80.0,0.0
501019425120,1.0,0.0,0.0,0.0,0.0,-93.0,0.0,0.0,0.0,0.0
501126601578,1.0,0.0,0.0,0.0,0.0,-90.0,0.0,0.0,0.0,0.0
501130667880,1.0,0.0,0.0,0.0,0.0,0.0,-95.0,0.0,0.0,0.0
501228746682,1.0,0.0,0.0,0.0,0.0,-86.0,0.0,0.0,0.0,0.0
501233867724,1.0,0.0,0.0,-80.0,0.0,0.0,0.0,0.0,0.0,0.0
501257233765,1.0,0.0,0.0,0.0,0.0,0.0,0.0,0.0,0.0,-84.0
501633442619,1.0,0.0,0.0,0.0,0.0,-89.0,0.0,0.0,0.0,0.0
501805117255,1.0,0.0,0.0,0.0,0.0,-88.0,0.0,0.0,0.0,0.0
501811192515,1.0,0.0,0.0,0.0,0.0,0.0,-88.0,0.0,0.0,0.0
501849901317,1.0,0.0,0.0,0.0,0.0,-86.0,0.0,0.0,0.0,0.0
501952989286,1.0,0.0,0.0,0.0,0.0,-99.0,0.0,0.0,0.0,0.0
502050193348,1.0,0.0,0.0,0.0,0.0,-88.0,0.0,0.0,0.0,0.0
502070436578,1.0,0.0,0.0,0.0,0.0,0.0,0.0,0.0,-82.0,0.0
502308040692,1.0,0.0,0.0,0.0,0.0,-88.0,0.0,0.0,0.0,0.0
502336376682,1.0,0.0,0.0,-78.0,0.0,0.0,0.0,0.0,0.0,0.0
502357977515,1.0,0.0,0.0,0.0,0.0,0.0,0.0,0.0,0.0,-95.0
502780763400,1.0,0.0,0.0,0.0,0.0,-92.0,0.0,0.0,0.0,0.0
504834615222,1.0,0.0,0.0,0.0,0.0,0.0,0.0,0.0,-92.0,0.0
504881523816,1.0,0.0,0.0,0.0,0.0,-92.0,0.0,0.0,0.0,0.0
504939535066,1.0,0.0,-90.0,0.0,0.0,0.0,0.0,0.0,0.0,0.0
505412687045,1.0,0.0,0.0,0.0,0.0,-94.0,0.0,0.0,0.0,0.0
505478642826,1.0,0.0,0.0,0.0,0.0,-95.0,0.0,0.0,0.0,0.0
505616706212,1.0,0.0,0.0,0.0,0.0,-97.0,0.0,0.0,0.0,0.0
505652357305,1.0,0.0,0.0,-81.0,0.0,0.0,0.0,0.0,0.0,0.0
505662448035,1.0,0.0,-82.0,0.0,0.0,0.0,0.0,0.0,0.0,0.0
505930693920,1.0,0.0,0.0,0.0,0.0,-96.0,0.0,0.0,0.0,0.0
506032259597,1.0,0.0,0.0,0.0,0.0,-96.0,0.0,0.0,0.0,0.0
506341267305,1.0,0.0,0.0,0.0,0.0,-95.0,0.0,0.0,0.0,0.0
506742888815,1.0,0.0,0.0,0.0,0.0,-95.0,0.0,0.0,0.0,0.0
506766684857,1.0,0.0,0.0,0.0,0.0,-98.0,0.0,0.0,0.0,0.0
506769184492,1.0,0.0,-86.0,0.0,0.0,0.0,0.0,0.0,0.0,0.0
506787569701,1.0,0.0,0.0,0.0,0.0,0.0,-92.0,0.0,0.0,0.0
506863918086,1.0,0.0,0.0,0.0,0.0,-96.0,0.0,0.0,0.0,0.0
507119822565,1.0,0.0,0.0,0.0,0.0,-97.0,0.0,0.0,0.0,0.0
507127731524,1.0,0.0,0.0,0.0,0.0,0.0,-95.0,0.0,0.0,0.0
507133871576,1.0,0.0,-81.0,0.0,0.0,0.0,0.0,0.0,0.0,0.0
507280313971,1.0,0.0,0.0,0.0,0.0,-99.0,0.0,0.0,0.0,0.0
507315099701,1.0,0.0,-76.0,0.0,0.0,0.0,0.0,0.0,0.0,0.0
507782333138,1.0,0.0,0.0,0.0,0.0,0.0,-94.0,0.0,0.0,0.0
509792023137,1.0,0.0,0.0,0.0,0.0,0.0,0.0,0.0,-95.0,0.0
510047363970,1.0,0.0,0.0,0.0,0.0,-97.0,0.0,0.0,0.0,0.0
510055165949,1.0,0.0,0.0,-85.0,0.0,0.0,0.0,0.0,0.0,0.0
510059615429,1.0,0.0,-93.0,0.0,0.0,0.0,0.0,0.0,0.0,0.0
510112066887,1.0,0.0,0.0,0.0,0.0,0.0,-94.0,0.0,0.0,0.0
510339317824,1.0,0.0,0.0,0.0,0.0,-98.0,0.0,0.0,0.0,0.0
510603409022,1.0,0.0,0.0,-84.0,0.0,0.0,0.0,0.0,0.0,0.0
510609640845,1.0,0.0,0.0,0.0,0.0,0.0,-91.0,0.0,0.0,0.0
510617592303,1.0,0.0,-83.0,0.0,0.0,0.0,0.0,0.0,0.0,0.0
510624078553,1.0,0.0,0.0,0.0,0.0,0.0,0.0,0.0,0.0,-94.0
511107593605,1.0,0.0,0.0,0.0,0.0,0.0,-78.0,0.0,0.0,0.0
511165993345,1.0,0.0,-83.0,0.0,0.0,0.0,0.0,0.0,0.0,0.0
511182448449,1.0,0.0,0.0,0.0,0.0,0.0,0.0,0.0,0.0,-93.0
511453501209,1.0,0.0,0.0,0.0,0.0,0.0,0.0,0.0,-92.0,0.0
511612078345,1.0,0.0,0.0,0.0,0.0,0.0,-80.0,0.0,0.0,0.0
512811337407,1.0,0.0,0.0,-95.0,0.0,0.0,0.0,0.0,0.0,0.0
512916412511,1.0,0.0,0.0,0.0,0.0,0.0,-77.0,0.0,0.0,0.0
515038954593,1.0,0.0,0.0,0.0,0.0,0.0,0.0,0.0,0.0,-85.0
515061506989,1.0,0.0,0.0,0.0,0.0,0.0,-75.0,0.0,0.0,0.0
515388968552,1.0,0.0,0.0,0.0,0.0,0.0,-72.0,0.0,0.0,0.0
515648231885,1.0,0.0,0.0,0.0,-100.0,0.0,0.0,0.0,0.0,0.0
516118255374,1.0,0.0,0.0,-92.0,0.0,0.0,0.0,0.0,0.0,0.0
516215429853,1.0,0.0,0.0,0.0,0.0,0.0,-86.0,0.0,0.0,0.0
516304996468,1.0,0.0,-85.0,0.0,0.0,0.0,0.0,0.0,0.0,0.0
516667772718,1.0,0.0,0.0,0.0,0.0,-99.0,0.0,0.0,0.0,0.0
516673252614,1.0,0.0,0.0,-92.0,0.0,0.0,0.0,0.0,0.0,0.0
516689693864,1.0,0.0,0.0,0.0,0.0,0.0,0.0,0.0,0.0,-80.0
516710136103,1.0,0.0,0.0,0.0,0.0,0.0,-78.0,0.0,0.0,0.0
517372396051,1.0,0.0,0.0,0.0,0.0,0.0,-69.0,0.0,0.0,0.0
517529306311,1.0,0.0,0.0,0.0,0.0,0.0,-82.0,0.0,0.0,0.0
517788523030,1.0,0.0,0.0,0.0,0.0,0.0,0.0,0.0,0.0,-82.0
518017084749,1.0,0.0,0.0,0.0,0.0,0.0,-59.0,0.0,0.0,0.0
519662704644,1.0,0.0,0.0,0.0,0.0,0.0,-70.0,0.0,0.0,0.0
519704740112,1.0,0.0,0.0,0.0,0.0,0.0,0.0,0.0,-97.0,0.0
519824940737,1.0,0.0,0.0,0.0,0.0,0.0,-67.0,0.0,0.0,0.0
519999247821,1.0,0.0,0.0,0.0,0.0,0.0,0.0,0.0,0.0,-80.0
520314965581,1.0,0.0,0.0,0.0,0.0,0.0,-67.0,0.0,0.0,0.0
520554250893,1.0,0.0,0.0,0.0,0.0,0.0,0.0,0.0,0.0,-77.0
520798476883,1.0,0.0,0.0,0.0,0.0,0.0,0.0,0.0,-96.0,0.0
520815369070,1.0,0.0,0.0,0.0,0.0,0.0,-79.0,0.0,0.0,0.0
521103116622,1.0,0.0,0.0,0.0,0.0,0.0,0.0,0.0,0.0,-73.0
521308951206,1.0,0.0,0.0,0.0,0.0,0.0,-74.0,0.0,0.0,0.0
521799597039,1.0,0.0,0.0,0.0,0.0,0.0,-74.0,0.0,0.0,0.0
524102966465,1.0,0.0,0.0,0.0,0.0,0.0,0.0,0.0,-94.0,0.0
524130679746,1.0,0.0,0.0,0.0,0.0,0.0,-71.0,0.0,0.0,0.0
524422894798,1.0,0.0,0.0,0.0,0.0,0.0,0.0,0.0,0.0,-72.0
524470203236,1.0,0.0,0.0,0.0,0.0,0.0,-75.0,0.0,0.0,0.0
525277311204,1.0,0.0,0.0,0.0,0.0,0.0,-77.0,0.0,0.0,0.0
525605259121,1.0,0.0,0.0,0.0,0.0,0.0,-77.0,0.0,0.0,0.0
525942661100,1.0,0.0,0.0,0.0,0.0,0.0,-74.0,0.0,0.0,0.0
526100571204,1.0,0.0,0.0,0.0,0.0,0.0,-86.0,0.0,0.0,0.0
526275751360,1.0,0.0,0.0,0.0,0.0,0.0,-71.0,0.0,0.0,0.0
526313307714,1.0,0.0,0.0,0.0,0.0,0.0,0.0,0.0,-82.0,0.0
526603297349,1.0,0.0,0.0,0.0,0.0,0.0,-83.0,0.0,0.0,0.0
528506649120,1.0,0.0,0.0,0.0,0.0,-98.0,0.0,0.0,0.0,0.0
528570393182,1.0,0.0,0.0,0.0,0.0,0.0,-80.0,0.0,0.0,0.0
528903423807,1.0,0.0,0.0,0.0,0.0,-101.0,0.0,0.0,0.0,0.0
528913587088,1.0,0.0,0.0,0.0,0.0,0.0,-72.0,0.0,0.0,0.0
529231126203,1.0,0.0,0.0,0.0,0.0,0.0,-66.0,0.0,0.0,0.0
529333813442,1.0,0.0,0.0,-89.0,0.0,0.0,0.0,0.0,0.0,0.0
529388558182,1.0,0.0,0.0,0.0,0.0,0.0,0.0,0.0,0.0,-79.0
529717430109,1.0,0.0,0.0,0.0,0.0,0.0,-67.0,0.0,0.0,0.0
529889715369,1.0,0.0,0.0,-88.0,0.0,0.0,0.0,0.0,0.0,0.0
530221190525,1.0,0.0,0.0,0.0,0.0,0.0,-64.0,0.0,0.0,0.0
530440941775,1.0,0.0,0.0,-98.0,0.0,0.0,0.0,0.0,0.0,0.0
530492278598,1.0,0.0,0.0,0.0,0.0,0.0,0.0,0.0,0.0,-73.0
530704468181,1.0,0.0,0.0,0.0,0.0,0.0,-67.0,0.0,0.0,0.0
530718507765,1.0,0.0,0.0,0.0,0.0,0.0,0.0,0.0,-90.0,0.0
531035672087,1.0,0.0,0.0,0.0,0.0,0.0,0.0,0.0,0.0,-75.0
531193434639,1.0,0.0,0.0,0.0,0.0,-98.0,0.0,0.0,0.0,0.0
531200605525,1.0,0.0,0.0,0.0,0.0,0.0,-65.0,0.0,0.0,0.0
531273387556,1.0,0.0,0.0,0.0,0.0,0.0,0.0,0.0,-90.0,0.0
531534572139,1.0,0.0,0.0,0.0,0.0,0.0,-72.0,0.0,0.0,0.0
531701115264,1.0,0.0,0.0,0.0,0.0,0.0,-76.0,0.0,0.0,0.0
531866796045,1.0,0.0,0.0,0.0,0.0,0.0,-73.0,0.0,0.0,0.0
532021943754,1.0,0.0,0.0,0.0,0.0,0.0,-83.0,0.0,0.0,0.0
532194162868,1.0,0.0,0.0,0.0,0.0,0.0,-78.0,0.0,0.0,0.0
534509732086,1.0,0.0,0.0,0.0,0.0,0.0,-79.0,0.0,0.0,0.0
534843200888,1.0,0.0,0.0,-93.0,0.0,0.0,0.0,0.0,0.0,0.0
534894280107,1.0,0.0,0.0,0.0,0.0,0.0,0.0,0.0,0.0,-76.0
534994855002,1.0,0.0,0.0,0.0,0.0,0.0,-77.0,0.0,0.0,0.0
535168004846,1.0,0.0,0.0,0.0,0.0,0.0,-69.0,0.0,0.0,0.0
535397505315,1.0,0.0,0.0,-86.0,0.0,0.0,0.0,0.0,0.0,0.0
535404503388,1.0,0.0,0.0,0.0,0.0,-102.0,0.0,0.0,0.0,0.0
535443708856,1.0,0.0,0.0,0.0,0.0,0.0,0.0,0.0,0.0,-78.0
535492011513,1.0,0.0,0.0,0.0,0.0,0.0,-80.0,0.0,0.0,0.0
535678147554,1.0,0.0,0.0,0.0,0.0,0.0,0.0,0.0,-86.0,0.0
535816656148,1.0,0.0,0.0,0.0,0.0,0.0,-68.0,0.0,0.0,0.0
535947873596,1.0,0.0,0.0,-88.0,0.0,0.0,0.0,0.0,0.0,0.0
535993847815,1.0,0.0,0.0,0.0,0.0,0.0,0.0,0.0,0.0,-65.0
536157494898,1.0,0.0,0.0,0.0,0.0,0.0,-75.0,0.0,0.0,0.0
536316028075,1.0,0.0,0.0,0.0,0.0,0.0,-76.0,0.0,0.0,0.0
536483385887,1.0,0.0,0.0,0.0,0.0,0.0,-74.0,0.0,0.0,0.0
536816151877,1.0,0.0,0.0,0.0,0.0,0.0,-72.0,0.0,0.0,0.0
537097021877,1.0,0.0,0.0,0.0,0.0,0.0,0.0,0.0,0.0,-75.0
537146375262,1.0,0.0,0.0,0.0,0.0,0.0,-74.0,0.0,0.0,0.0
539622250938,1.0,0.0,0.0,0.0,0.0,0.0,-80.0,0.0,0.0,0.0
539788263021,1.0,0.0,0.0,0.0,0.0,0.0,-80.0,0.0,0.0,0.0
540402987709,1.0,0.0,0.0,0.0,0.0,0.0,0.0,0.0,0.0,-59.0
540443755000,1.0,0.0,0.0,0.0,0.0,0.0,-81.0,0.0,0.0,0.0
540790493854,1.0,0.0,0.0,0.0,0.0,0.0,-75.0,0.0,0.0,0.0
541292171927,1.0,0.0,0.0,0.0,0.0,0.0,-76.0,0.0,0.0,0.0
541516491562,1.0,0.0,0.0,0.0,0.0,0.0,0.0,0.0,0.0,-71.0
541619432135,1.0,0.0,0.0,0.0,0.0,0.0,-85.0,0.0,0.0,0.0
541950732760,1.0,0.0,0.0,0.0,0.0,0.0,-95.0,0.0,0.0,0.0
542069300625,1.0,0.0,0.0,0.0,0.0,0.0,0.0,0.0,0.0,-57.0
542621613541,1.0,0.0,0.0,0.0,0.0,0.0,0.0,0.0,0.0,-62.0
542782711666,1.0,0.0,0.0,0.0,0.0,-95.0,0.0,0.0,0.0,0.0
542786836250,1.0,0.0,0.0,0.0,0.0,0.0,-82.0,0.0,0.0,0.0
542828853906,1.0,0.0,0.0,0.0,0.0,0.0,0.0,0.0,-82.0,0.0
542952473854,1.0,0.0,0.0,0.0,0.0,0.0,-80.0,0.0,0.0,0.0
543113186197,1.0,0.0,0.0,0.0,0.0,0.0,-88.0,0.0,0.0,0.0
543294858124,1.0,0.0,0.0,0.0,0.0,-95.0,0.0,0.0,0.0,0.0
543297362864,1.0,0.0,0.0,0.0,0.0,0.0,-79.0,0.0,0.0,0.0
543458096874,1.0,0.0,0.0,0.0,0.0,0.0,-75.0,0.0,0.0,0.0
543617506510,1.0,0.0,0.0,0.0,0.0,0.0,-76.0,0.0,0.0,0.0
543658048958,1.0,0.0,0.0,-93.0,0.0,0.0,0.0,0.0,0.0,0.0
544487343020,1.0,0.0,0.0,0.0,0.0,0.0,0.0,0.0,-86.0,0.0
544617629738,1.0,0.0,0.0,0.0,0.0,0.0,-69.0,0.0,0.0,0.0
544792994895,1.0,0.0,0.0,0.0,0.0,0.0,-77.0,0.0,0.0,0.0
544820443072,1.0,0.0,0.0,0.0,0.0,0.0,0.0,0.0,0.0,-69.0
545039001822,1.0,0.0,0.0,0.0,0.0,0.0,0.0,0.0,-84.0,0.0
545117949374,1.0,0.0,0.0,0.0,0.0,0.0,-72.0,0.0,0.0,0.0
545379985415,1.0,0.0,0.0,0.0,0.0,0.0,0.0,0.0,0.0,-75.0
545449066978,1.0,0.0,0.0,0.0,0.0,0.0,-73.0,0.0,0.0,0.0
545786881509,1.0,0.0,0.0,0.0,0.0,0.0,-74.0,0.0,0.0,0.0
545875608905,1.0,0.0,0.0,-92.0,0.0,0.0,0.0,0.0,0.0,0.0
546143721457,1.0,0.0,0.0,0.0,0.0,0.0,0.0,0.0,-83.0,0.0
546432880519,1.0,0.0,0.0,0.0,0.0,0.0,-82.0,0.0,0.0,0.0
546473763175,1.0,0.0,0.0,0.0,0.0,0.0,0.0,0.0,0.0,-78.0
547028075258,1.0,0.0,0.0,0.0,0.0,0.0,0.0,0.0,0.0,-69.0
547523206196,1.0,0.0,0.0,-87.0,0.0,0.0,0.0,0.0,0.0,0.0
547595744164,1.0,0.0,0.0,0.0,0.0,0.0,-79.0,0.0,0.0,0.0
550003259736,1.0,0.0,0.0,0.0,0.0,0.0,0.0,0.0,-86.0,0.0
550039658018,1.0,0.0,0.0,0.0,0.0,0.0,-87.0,0.0,0.0,0.0
550709697496,1.0,0.0,0.0,0.0,0.0,-96.0,0.0,0.0,0.0,0.0
550715918278,1.0,0.0,0.0,0.0,0.0,0.0,-76.0,0.0,0.0,0.0
550965181038,1.0,0.0,0.0,0.0,0.0,-96.0,0.0,0.0,0.0,0.0
551043403746,1.0,0.0,0.0,0.0,0.0,0.0,-89.0,0.0,0.0,0.0
551369033642,1.0,0.0,0.0,-82.0,0.0,0.0,0.0,0.0,0.0,0.0
551379769892,1.0,0.0,0.0,0.0,0.0,-91.0,0.0,0.0,0.0,0.0
551528689632,1.0,0.0,0.0,0.0,0.0,-96.0,0.0,0.0,0.0,0.0
551532997652,1.0,0.0,0.0,0.0,0.0,0.0,-82.0,0.0,0.0,0.0
551926530777,1.0,0.0,0.0,-88.0,0.0,0.0,0.0,0.0,0.0,0.0
552007673173,1.0,0.0,0.0,0.0,0.0,-97.0,0.0,0.0,0.0,0.0
552024404527,1.0,0.0,0.0,0.0,0.0,0.0,-79.0,0.0,0.0,0.0
552111701611,1.0,0.0,0.0,0.0,0.0,-97.0,0.0,0.0,0.0,0.0
552190565569,1.0,0.0,0.0,0.0,0.0,0.0,-87.0,0.0,0.0,0.0
552216346610,1.0,0.0,0.0,0.0,0.0,0.0,0.0,0.0,-82.0,0.0
552348087027,1.0,0.0,0.0,0.0,0.0,0.0,-92.0,0.0,0.0,0.0
552481773694,1.0,0.0,0.0,-82.0,0.0,0.0,0.0,0.0,0.0,0.0
554317494839,1.0,0.0,0.0,0.0,0.0,-89.0,0.0,0.0,0.0,0.0
554334003068,1.0,0.0,0.0,0.0,0.0,-92.0,0.0,0.0,0.0,0.0
554338667964,1.0,0.0,0.0,0.0,0.0,0.0,-88.0,0.0,0.0,0.0
554425010464,1.0,0.0,0.0,0.0,0.0,0.0,0.0,0.0,-71.0,0.0
554509966505,1.0,0.0,0.0,0.0,0.0,0.0,-78.0,0.0,0.0,0.0
554529052703,1.0,0.0,0.0,0.0,0.0,-97.0,0.0,0.0,0.0,0.0
554694410151,1.0,0.0,0.0,-78.0,0.0,0.0,0.0,0.0,0.0,0.0
554741243589,1.0,0.0,0.0,0.0,0.0,0.0,0.0,0.0,0.0,-86.0
554836627964,1.0,0.0,0.0,0.0,0.0,0.0,-85.0,0.0,0.0,0.0
554841645099,1.0,0.0,0.0,0.0,0.0,-95.0,0.0,0.0,0.0,0.0
554942173901,1.0,0.0,0.0,0.0,0.0,-93.0,0.0,0.0,0.0,0.0
554967904318,1.0,0.0,0.0,0.0,0.0,0.0,0.0,0.0,-83.0,0.0
555003472339,1.0,0.0,0.0,0.0,0.0,0.0,-86.0,0.0,0.0,0.0
555341671193,1.0,0.0,0.0,0.0,0.0,0.0,-90.0,0.0,0.0,0.0
555355847286,1.0,0.0,0.0,0.0,0.0,-94.0,0.0,0.0,0.0,0.0
555519020880,1.0,0.0,0.0,0.0,0.0,0.0,0.0,0.0,-73.0,0.0
555665127599,1.0,0.0,0.0,0.0,0.0,-97.0,0.0,0.0,0.0,0.0
555675875776,1.0,0.0,0.0,0.0,0.0,0.0,-82.0,0.0,0.0,0.0
555832589317,1.0,0.0,0.0,0.0,0.0,0.0,-91.0,0.0,0.0,0.0
555843689630,1.0,0.0,0.0,0.0,0.0,0.0,0.0,0.0,0.0,-78.0
556167702494,1.0,0.0,0.0,0.0,0.0,-90.0,0.0,0.0,0.0,0.0
556193742494,1.0,0.0,-95.0,0.0,0.0,0.0,0.0,0.0,0.0,0.0
556339949630,1.0,0.0,0.0,0.0,0.0,0.0,-89.0,0.0,0.0,0.0
556396901713,1.0,0.0,0.0,0.0,0.0,-92.0,0.0,0.0,0.0,0.0
556399105359,1.0,0.0,0.0,0.0,0.0,0.0,0.0,0.0,0.0,-81.0
556600795567,1.0,0.0,0.0,0.0,0.0,-88.0,0.0,0.0,0.0,0.0
556819237650,1.0,0.0,0.0,0.0,0.0,-88.0,0.0,0.0,0.0,0.0
556823000359,1.0,0.0,0.0,0.0,0.0,-99.0,0.0,0.0,0.0,0.0
556829092025,1.0,0.0,0.0,0.0,0.0,0.0,-86.0,0.0,0.0,0.0
556922005359,1.0,0.0,0.0,0.0,0.0,-86.0,0.0,0.0,0.0,0.0
556997658223,1.0,0.0,0.0,0.0,0.0,0.0,-86.0,0.0,0.0,0.0
557139246244,1.0,0.0,0.0,0.0,0.0,-90.0,0.0,0.0,0.0,0.0
557159337338,1.0,0.0,0.0,0.0,0.0,0.0,-95.0,0.0,0.0,0.0
557248590515,1.0,0.0,0.0,0.0,0.0,-89.0,0.0,0.0,0.0,0.0
557326060775,1.0,0.0,0.0,0.0,0.0,0.0,-91.0,0.0,0.0,0.0
557345648119,1.0,0.0,0.0,0.0,0.0,-95.0,0.0,0.0,0.0,0.0
557437004109,1.0,0.0,0.0,-79.0,0.0,0.0,0.0,0.0,0.0,0.0
557502941556,1.0,0.0,0.0,0.0,0.0,0.0,0.0,0.0,0.0,-81.0
559478682910,1.0,0.0,0.0,0.0,0.0,-93.0,0.0,0.0,0.0,0.0
560039869055,1.0,0.0,0.0,0.0,0.0,-90.0,0.0,0.0,0.0,0.0
560125904055,1.0,0.0,0.0,0.0,0.0,-92.0,0.0,0.0,0.0,0.0
571315454416,1.0,0.0,0.0,0.0,0.0,-90.0,0.0,0.0,0.0,0.0
571513970926,1.0,0.0,0.0,0.0,0.0,0.0,0.0,0.0,-80.0,0.0
571541770822,1.0,0.0,0.0,0.0,0.0,-96.0,0.0,0.0,0.0,0.0
571831864936,1.0,0.0,0.0,0.0,0.0,0.0,0.0,0.0,0.0,-81.0
571863408426,1.0,0.0,0.0,0.0,0.0,-98.0,0.0,0.0,0.0,0.0
574617837904,1.0,0.0,0.0,0.0,0.0,-91.0,0.0,0.0,0.0,0.0
574634157800,1.0,0.0,0.0,0.0,0.0,0.0,-82.0,0.0,0.0,0.0
574707026706,1.0,0.0,0.0,0.0,0.0,-90.0,0.0,0.0,0.0,0.0
574941637696,1.0,0.0,0.0,0.0,0.0,-88.0,0.0,0.0,0.0,0.0
575113313998,1.0,0.0,0.0,0.0,0.0,-88.0,0.0,0.0,0.0,0.0
575121107487,1.0,0.0,0.0,0.0,0.0,0.0,-91.0,0.0,0.0,0.0
575378161862,1.0,0.0,0.0,0.0,0.0,-97.0,0.0,0.0,0.0,0.0
575531661237,1.0,0.0,0.0,0.0,0.0,-93.0,0.0,0.0,0.0,0.0
575613017018,1.0,0.0,0.0,0.0,0.0,-90.0,0.0,0.0,0.0,0.0
575617068997,1.0,0.0,0.0,0.0,0.0,0.0,-91.0,0.0,0.0,0.0
575629206914,1.0,0.0,0.0,-77.0,0.0,0.0,0.0,0.0,0.0,0.0
575634561029,1.0,0.0,0.0,0.0,0.0,-90.0,0.0,0.0,0.0,0.0
576059506706,1.0,0.0,0.0,0.0,0.0,-93.0,0.0,0.0,0.0,0.0
576098763216,1.0,0.0,0.0,0.0,0.0,-82.0,0.0,0.0,0.0,0.0
576108521497,1.0,0.0,0.0,0.0,0.0,0.0,-92.0,0.0,0.0,0.0
576160103633,1.0,0.0,0.0,-76.0,0.0,0.0,0.0,0.0,0.0,0.0
576241867174,1.0,0.0,0.0,0.0,0.0,0.0,0.0,0.0,0.0,-78.0
576261844414,1.0,0.0,0.0,0.0,0.0,0.0,-82.0,0.0,0.0,0.0
576268788580,1.0,0.0,0.0,0.0,0.0,-96.0,0.0,0.0,0.0,0.0
576423196601,1.0,0.0,0.0,0.0,0.0,-95.0,0.0,0.0,0.0,0.0
576425687851,1.0,0.0,0.0,0.0,0.0,0.0,-87.0,0.0,0.0,0.0
576598890664,1.0,0.0,0.0,0.0,0.0,-87.0,0.0,0.0,0.0,0.0
576604186080,1.0,0.0,0.0,0.0,0.0,0.0,-89.0,0.0,0.0,0.0
576688276705,1.0,0.0,0.0,0.0,0.0,-94.0,0.0,0.0,0.0,0.0
576712436757,1.0,0.0,0.0,-76.0,0.0,0.0,0.0,0.0,0.0,0.0
579228753111,1.0,0.0,0.0,0.0,0.0,-87.0,0.0,0.0,0.0,0.0
579234843631,1.0,0.0,0.0,0.0,0.0,0.0,-87.0,0.0,0.0,0.0
579393563319,1.0,0.0,0.0,0.0,0.0,0.0,-87.0,0.0,0.0,0.0
579418322277,1.0,0.0,0.0,0.0,0.0,-93.0,0.0,0.0,0.0,0.0
579540688892,1.0,0.0,0.0,0.0,0.0,-94.0,0.0,0.0,0.0,0.0
579549668579,1.0,0.0,0.0,0.0,0.0,0.0,0.0,0.0,0.0,-86.0
579560875350,1.0,0.0,0.0,0.0,0.0,0.0,-86.0,0.0,0.0,0.0
579641317902,1.0,0.0,0.0,0.0,0.0,-86.0,0.0,0.0,0.0,0.0
579895254412,1.0,0.0,0.0,0.0,0.0,-92.0,0.0,0.0,0.0,0.0
579898858944,1.0,0.0,0.0,0.0,0.0,0.0,-81.0,0.0,0.0,0.0
579951442590,1.0,0.0,0.0,0.0,0.0,-95.0,0.0,0.0,0.0,0.0
580022533058,1.0,0.0,0.0,-67.0,0.0,0.0,0.0,0.0,0.0,0.0
580095048996,1.0,0.0,0.0,0.0,0.0,0.0,0.0,0.0,0.0,-95.0
580219868475,1.0,0.0,0.0,0.0,0.0,0.0,-87.0,0.0,0.0,0.0
580381523475,1.0,0.0,0.0,0.0,0.0,-91.0,0.0,0.0,0.0,0.0
580386238162,1.0,0.0,0.0,0.0,0.0,0.0,-79.0,0.0,0.0,0.0
580478602068,1.0,0.0,0.0,0.0,0.0,-87.0,0.0,0.0,0.0,0.0
580550789568,1.0,0.0,0.0,0.0,0.0,0.0,-81.0,0.0,0.0,0.0
580569443006,1.0,0.0,0.0,-82.0,0.0,0.0,0.0,0.0,0.0,0.0
580581326548,1.0,0.0,0.0,0.0,0.0,-89.0,0.0,0.0,0.0,0.0
580646553266,1.0,0.0,0.0,0.0,0.0,0.0,0.0,0.0,0.0,-79.0
580680561808,1.0,0.0,0.0,0.0,0.0,-92.0,0.0,0.0,0.0,0.0
580707728891,1.0,0.0,0.0,0.0,0.0,0.0,-85.0,0.0,0.0,0.0
581115883162,1.0,0.0,0.0,0.0,0.0,-92.0,0.0,0.0,0.0,0.0
581194437849,1.0,0.0,0.0,0.0,0.0,0.0,0.0,0.0,0.0,-87.0
581320642641,1.0,0.0,0.0,0.0,0.0,-90.0,0.0,0.0,0.0,0.0
581427170662,1.0,0.0,0.0,0.0,0.0,0.0,0.0,0.0,-87.0,0.0
581527640037,1.0,0.0,0.0,0.0,0.0,-93.0,0.0,0.0,0.0,0.0
581535241235,1.0,0.0,0.0,0.0,0.0,0.0,-84.0,0.0,0.0,0.0
581625274672,1.0,0.0,0.0,0.0,0.0,-93.0,0.0,0.0,0.0,0.0
581660291443,1.0,0.0,0.0,-67.0,0.0,0.0,0.0,0.0,0.0,0.0
581699713943,1.0,0.0,0.0,0.0,0.0,0.0,-87.0,0.0,0.0,0.0
581746113318,1.0,0.0,0.0,0.0,0.0,0.0,0.0,0.0,0.0,-94.0
581863783787,1.0,0.0,0.0,0.0,0.0,-98.0,0.0,0.0,0.0,0.0
582037549932,1.0,0.0,0.0,0.0,0.0,0.0,-80.0,0.0,0.0,0.0
584385091754,1.0,0.0,0.0,0.0,0.0,-90.0,0.0,0.0,0.0,0.0
584415086494,1.0,0.0,0.0,-79.0,0.0,0.0,0.0,0.0,0.0,0.0
584503433734,1.0,0.0,0.0,0.0,0.0,0.0,0.0,0.0,0.0,-90.0
584650650192,1.0,0.0,0.0,0.0,0.0,0.0,-78.0,0.0,0.0,0.0
584692101911,1.0,0.0,0.0,0.0,0.0,-100.0,0.0,0.0,0.0,0.0
584802614723,1.0,0.0,0.0,0.0,0.0,-94.0,0.0,0.0,0.0,0.0
584817777640,1.0,0.0,0.0,0.0,0.0,0.0,-76.0,0.0,0.0,0.0
584901359879,1.0,0.0,0.0,0.0,0.0,-97.0,0.0,0.0,0.0,0.0
584975927640,1.0,0.0,0.0,0.0,0.0,0.0,-88.0,0.0,0.0,0.0
585142791181,1.0,0.0,0.0,0.0,0.0,0.0,-74.0,0.0,0.0,0.0
585300943629,1.0,0.0,0.0,0.0,0.0,0.0,-81.0,0.0,0.0,0.0
585324696181,1.0,0.0,0.0,0.0,0.0,-92.0,0.0,0.0,0.0,0.0
585474173577,1.0,0.0,0.0,0.0,0.0,0.0,-84.0,0.0,0.0,0.0
585514316389,1.0,0.0,0.0,-82.0,0.0,0.0,0.0,0.0,0.0,0.0
585527617171,1.0,0.0,0.0,0.0,0.0,-98.0,0.0,0.0,0.0,0.0
585613855296,1.0,0.0,0.0,0.0,0.0,0.0,0.0,0.0,0.0,-83.0
585639784358,1.0,0.0,0.0,0.0,0.0,0.0,-90.0,0.0,0.0,0.0
586132100139,1.0,0.0,0.0,0.0,0.0,-96.0,0.0,0.0,0.0,0.0
586165893993,1.0,0.0,0.0,0.0,0.0,0.0,0.0,0.0,0.0,-85.0
586297988160,1.0,0.0,0.0,0.0,0.0,0.0,-81.0,0.0,0.0,0.0
586365798368,1.0,0.0,0.0,0.0,0.0,-98.0,0.0,0.0,0.0,0.0
586457210400,1.0,0.0,0.0,0.0,0.0,0.0,-90.0,0.0,0.0,0.0
586618430660,1.0,0.0,0.0,-80.0,0.0,0.0,0.0,0.0,0.0,0.0
586624429931,1.0,0.0,0.0,0.0,0.0,0.0,-86.0,0.0,0.0,0.0
586680942222,1.0,0.0,0.0,0.0,0.0,-100.0,0.0,0.0,0.0,0.0
586935682274,1.0,0.0,0.0,0.0,0.0,0.0,0.0,0.0,-77.0,0.0
586942878889,1.0,0.0,0.0,0.0,0.0,0.0,-85.0,0.0,0.0,0.0
587111498472,1.0,0.0,0.0,0.0,0.0,-96.0,0.0,0.0,0.0,0.0
589093520346,1.0,0.0,0.0,0.0,0.0,-95.0,0.0,0.0,0.0,0.0
589124377221,1.0,0.0,0.0,0.0,0.0,-95.0,0.0,0.0,0.0,0.0
589128047013,1.0,0.0,0.0,0.0,0.0,0.0,0.0,0.0,-75.0,0.0
589420778263,1.0,0.0,0.0,0.0,0.0,-95.0,0.0,0.0,0.0,0.0
589423750138,1.0,0.0,0.0,0.0,0.0,0.0,-93.0,0.0,0.0,0.0
589596414982,1.0,0.0,0.0,0.0,0.0,0.0,-95.0,0.0,0.0,0.0
589618064148,1.0,0.0,0.0,0.0,0.0,-97.0,0.0,0.0,0.0,0.0
590092609513,1.0,0.0,0.0,0.0,0.0,-90.0,0.0,0.0,0.0,0.0
590236087065,1.0,0.0,0.0,0.0,0.0,-92.0,0.0,0.0,0.0,0.0
590242903367,1.0,0.0,0.0,0.0,0.0,0.0,0.0,0.0,-92.0,0.0
590261806908,1.0,0.0,0.0,0.0,0.0,0.0,-82.0,0.0,0.0,0.0
590561252273,1.0,0.0,0.0,0.0,0.0,-87.0,0.0,0.0,0.0,0.0
590571428106,1.0,0.0,0.0,0.0,0.0,0.0,0.0,0.0,0.0,-72.0
590590408835,1.0,0.0,0.0,0.0,0.0,0.0,-81.0,0.0,0.0,0.0
590753706179,1.0,0.0,0.0,0.0,0.0,0.0,-94.0,0.0,0.0,0.0
590768210919,1.0,0.0,0.0,0.0,0.0,-87.0,0.0,0.0,0.0,0.0
590788807794,1.0,0.0,0.0,0.0,0.0,0.0,0.0,0.0,-70.0,0.0
591078057221,1.0,0.0,0.0,0.0,0.0,0.0,-85.0,0.0,0.0,0.0
591085803627,1.0,0.0,0.0,0.0,0.0,-95.0,0.0,0.0,0.0,0.0
591324844929,1.0,0.0,0.0,0.0,0.0,-87.0,0.0,0.0,0.0,0.0
591580452481,1.0,0.0,0.0,0.0,0.0,-88.0,0.0,0.0,0.0,0.0
591737897377,1.0,0.0,0.0,0.0,0.0,-93.0,0.0,0.0,0.0,0.0
591907724200,1.0,0.0,0.0,0.0,0.0,0.0,-99.0,0.0,0.0,0.0
591919069147,1.0,0.0,0.0,0.0,0.0,-91.0,0.0,0.0,0.0,0.0
592125372845,1.0,0.0,0.0,0.0,0.0,-85.0,0.0,0.0,0.0,0.0
592133873522,1.0,0.0,0.0,-83.0,0.0,0.0,0.0,0.0,0.0,0.0
592226129356,1.0,0.0,0.0,0.0,0.0,0.0,0.0,0.0,0.0,-79.0
592235962064,1.0,0.0,0.0,0.0,0.0,0.0,-84.0,0.0,0.0,0.0
592328381647,1.0,0.0,0.0,0.0,0.0,-95.0,0.0,0.0,0.0,0.0
594330531594,1.0,0.0,0.0,0.0,0.0,-92.0,0.0,0.0,0.0,0.0
594335277844,1.0,0.0,0.0,-78.0,0.0,0.0,0.0,0.0,0.0,0.0
594434193417,1.0,0.0,0.0,0.0,0.0,-90.0,0.0,0.0,0.0,0.0
594440563574,1.0,0.0,0.0,0.0,0.0,0.0,0.0,0.0,0.0,-87.0
594533953574,1.0,0.0,0.0,0.0,0.0,-97.0,0.0,0.0,0.0,0.0
594542854824,1.0,0.0,0.0,0.0,0.0,0.0,-92.0,0.0,0.0,0.0
594638663886,1.0,0.0,0.0,0.0,0.0,-88.0,0.0,0.0,0.0,0.0
594713133886,1.0,0.0,0.0,0.0,0.0,0.0,-93.0,0.0,0.0,0.0
594747906334,1.0,0.0,0.0,0.0,0.0,-90.0,0.0,0.0,0.0,0.0
594854833053,1.0,0.0,0.0,0.0,0.0,-93.0,0.0,0.0,0.0,0.0
595203658469,1.0,0.0,0.0,0.0,0.0,0.0,-94.0,0.0,0.0,0.0
595279625604,1.0,0.0,0.0,0.0,0.0,-95.0,0.0,0.0,0.0,0.0
595533717531,1.0,0.0,0.0,0.0,0.0,-87.0,0.0,0.0,0.0,0.0
595693794615,1.0,0.0,0.0,0.0,0.0,-87.0,0.0,0.0,0.0,0.0
595700457271,1.0,0.0,0.0,0.0,0.0,0.0,-87.0,0.0,0.0,0.0
595708430448,1.0,0.0,0.0,0.0,0.0,-86.0,0.0,0.0,0.0,0.0
595910745396,1.0,0.0,0.0,0.0,0.0,-92.0,0.0,0.0,0.0,0.0
595983601073,1.0,0.0,0.0,0.0,0.0,-84.0,0.0,0.0,0.0,0.0
596024039927,1.0,0.0,0.0,0.0,0.0,-91.0,0.0,0.0,0.0,0.0
596029698208,1.0,0.0,0.0,0.0,0.0,0.0,-82.0,0.0,0.0,0.0
596112459563,1.0,0.0,0.0,0.0,0.0,-90.0,0.0,0.0,0.0,0.0
596294794719,1.0,0.0,0.0,0.0,0.0,-88.0,0.0,0.0,0.0,0.0
596297000344,1.0,0.0,0.0,0.0,0.0,0.0,0.0,0.0,-94.0,0.0
596425771854,1.0,0.0,0.0,0.0,0.0,-93.0,0.0,0.0,0.0,0.0
596515408364,1.0,0.0,0.0,0.0,0.0,0.0,-82.0,0.0,0.0,0.0
596525195812,1.0,0.0,0.0,0.0,0.0,-86.0,0.0,0.0,0.0,0.0
596537519614,1.0,0.0,0.0,-96.0,0.0,0.0,0.0,0.0,0.0,0.0
596629594198,1.0,0.0,0.0,0.0,0.0,-94.0,0.0,0.0,0.0,0.0
596634962791,1.0,0.0,-91.0,0.0,0.0,0.0,0.0,0.0,0.0,0.0
596838185968,1.0,0.0,0.0,0.0,0.0,-86.0,0.0,0.0,0.0,0.0
596847764302,1.0,0.0,0.0,0.0,0.0,-90.0,0.0,0.0,0.0,0.0
596853039666,1.0,0.0,0.0,0.0,0.0,0.0,0.0,0.0,-82.0,0.0
596936784614,1.0,0.0,0.0,0.0,0.0,-84.0,0.0,0.0,0.0,0.0
597009297791,1.0,0.0,0.0,0.0,0.0,0.0,-82.0,0.0,0.0,0.0
597052358312,1.0,0.0,0.0,0.0,0.0,-85.0,0.0,0.0,0.0,0.0
597102278416,1.0,0.0,0.0,-79.0,0.0,0.0,0.0,0.0,0.0,0.0
597151407166,1.0,0.0,0.0,0.0,0.0,-92.0,0.0,0.0,0.0,0.0
597336338416,1.0,0.0,0.0,0.0,0.0,-88.0,0.0,0.0,0.0,0.0
597397321437,1.0,0.0,0.0,0.0,0.0,-94.0,0.0,0.0,0.0,0.0
597414606854,1.0,0.0,0.0,0.0,0.0,0.0,0.0,0.0,-81.0,0.0
598841527582,1.0,0.0,0.0,0.0,0.0,0.0,0.0,0.0,0.0,-84.0
598919208364,1.0,0.0,0.0,0.0,0.0,-83.0,0.0,0.0,0.0,0.0
599048584561,1.0,0.0,0.0,0.0,0.0,-86.0,0.0,0.0,0.0,0.0
599056397478,1.0,0.0,0.0,0.0,0.0,0.0,0.0,0.0,-81.0,0.0
599123191020,1.0,0.0,0.0,0.0,0.0,-84.0,0.0,0.0,0.0,0.0
599137655499,1.0,0.0,0.0,0.0,0.0,0.0,-94.0,0.0,0.0,0.0
599229372582,1.0,0.0,0.0,0.0,0.0,-86.0,0.0,0.0,0.0,0.0
599427371020,1.0,0.0,0.0,0.0,0.0,-83.0,0.0,0.0,0.0,0.0
599460902895,1.0,0.0,0.0,0.0,0.0,0.0,-88.0,0.0,0.0,0.0
599527450811,1.0,0.0,0.0,0.0,0.0,-86.0,0.0,0.0,0.0,0.0
599599743624,1.0,0.0,0.0,0.0,0.0,0.0,0.0,0.0,-82.0,0.0
599630332582,1.0,0.0,0.0,0.0,0.0,0.0,-86.0,0.0,0.0,0.0
599638007322,1.0,0.0,0.0,0.0,0.0,-83.0,0.0,0.0,0.0,0.0
599745415967,1.0,0.0,0.0,0.0,0.0,-93.0,0.0,0.0,0.0,0.0
599852821488,1.0,0.0,0.0,-74.0,0.0,0.0,0.0,0.0,0.0,0.0
599958002269,1.0,0.0,0.0,0.0,0.0,0.0,-84.0,0.0,0.0,0.0
600116220967,1.0,0.0,0.0,0.0,0.0,0.0,-98.0,0.0,0.0,0.0
600141404717,1.0,0.0,0.0,0.0,0.0,0.0,0.0,0.0,-77.0,0.0
600162398363,1.0,0.0,0.0,0.0,0.0,-86.0,0.0,0.0,0.0,0.0
600427615707,1.0,0.0,0.0,-68.0,0.0,0.0,0.0,0.0,0.0,0.0
600495939769,1.0,0.0,0.0,0.0,0.0,-83.0,0.0,0.0,0.0,0.0
600499798571,1.0,0.0,-92.0,0.0,0.0,0.0,0.0,0.0,0.0,0.0
600591860915,1.0,0.0,0.0,0.0,0.0,-80.0,0.0,0.0,0.0,0.0
600606138415,1.0,0.0,0.0,0.0,0.0,0.0,-86.0,0.0,0.0,0.0
600805669665,1.0,0.0,0.0,0.0,0.0,-79.0,0.0,0.0,0.0,0.0
600860111800,1.0,0.0,0.0,0.0,0.0,-88.0,0.0,0.0,0.0,0.0
601011783884,1.0,0.0,0.0,0.0,0.0,-83.0,0.0,0.0,0.0,0.0
601039831279,1.0,0.0,0.0,0.0,0.0,-82.0,0.0,0.0,0.0,0.0
601043670654,1.0,0.0,-91.0,0.0,0.0,0.0,0.0,0.0,0.0,0.0
601110789509,1.0,0.0,0.0,0.0,0.0,0.0,-86.0,0.0,0.0,0.0
601131802113,1.0,0.0,0.0,0.0,0.0,-81.0,0.0,0.0,0.0,0.0
601223575654,1.0,0.0,0.0,0.0,0.0,-84.0,0.0,0.0,0.0,0.0
601282334248,1.0,0.0,0.0,0.0,0.0,0.0,-88.0,0.0,0.0,0.0
601495631956,1.0,0.0,0.0,0.0,0.0,-81.0,0.0,0.0,0.0,0.0
601499766800,1.0,0.0,0.0,-75.0,0.0,0.0,0.0,0.0,0.0,0.0
601611149300,1.0,0.0,0.0,0.0,0.0,0.0,-93.0,0.0,0.0,0.0
601643297217,1.0,0.0,0.0,0.0,0.0,-83.0,0.0,0.0,0.0,0.0
601749295862,1.0,0.0,0.0,0.0,0.0,-81.0,0.0,0.0,0.0,0.0
601770315290,1.0,0.0,-86.0,0.0,0.0,0.0,0.0,0.0,0.0,0.0
601776938675,1.0,0.0,0.0,0.0,0.0,0.0,-93.0,0.0,0.0,0.0
601811467581,1.0,0.0,0.0,0.0,0.0,0.0,0.0,0.0,-93.0,0.0
601846267529,1.0,0.0,0.0,0.0,0.0,-96.0,0.0,0.0,0.0,0.0
602166048623,1.0,0.0,0.0,0.0,0.0,-100.0,0.0,0.0,0.0,0.0
602271900602,1.0,0.0,0.0,0.0,0.0,-92.0,0.0,0.0,0.0,0.0
602275644196,1.0,0.0,0.0,0.0,0.0,-90.0,0.0,0.0,0.0,0.0
602281527060,1.0,0.0,0.0,0.0,0.0,0.0,-96.0,0.0,0.0,0.0
602353748258,1.0,0.0,0.0,0.0,0.0,0.0,0.0,0.0,-87.0,0.0
603956051278,1.0,0.0,0.0,0.0,0.0,-91.0,0.0,0.0,0.0,0.0
603960457580,1.0,0.0,-80.0,0.0,0.0,0.0,0.0,0.0,0.0,0.0
604317129351,1.0,0.0,-77.0,0.0,0.0,0.0,0.0,0.0,0.0,0.0
604354466070,1.0,0.0,0.0,0.0,0.0,0.0,0.0,0.0,0.0,-90.0
604501227216,1.0,0.0,-75.0,0.0,0.0,0.0,0.0,0.0,0.0,0.0
604581489768,1.0,0.0,0.0,0.0,0.0,-92.0,0.0,0.0,0.0,0.0
604682284715,1.0,0.0,0.0,0.0,0.0,-95.0,0.0,0.0,0.0,0.0
604686931538,1.0,0.0,-79.0,0.0,0.0,0.0,0.0,0.0,0.0,0.0
604742659247,1.0,0.0,0.0,0.0,0.0,0.0,-94.0,0.0,0.0,0.0
604768098622,1.0,0.0,0.0,0.0,0.0,-100.0,0.0,0.0,0.0,0.0
604874511434,1.0,0.0,-71.0,0.0,0.0,0.0,0.0,0.0,0.0,0.0
604879734924,1.0,0.0,0.0,0.0,0.0,-96.0,0.0,0.0,0.0,0.0
605104179142,1.0,0.0,0.0,0.0,0.0,-94.0,0.0,0.0,0.0,0.0
605237749507,1.0,0.0,0.0,0.0,0.0,-93.0,0.0,0.0,0.0,0.0
605243546590,1.0,0.0,-84.0,0.0,0.0,0.0,0.0,0.0,0.0,0.0
605602171434,1.0,0.0,-76.0,0.0,0.0,0.0,0.0,0.0,0.0,0.0
606209822892,1.0,0.0,0.0,0.0,0.0,-94.0,0.0,0.0,0.0,0.0
606214975965,1.0,0.0,0.0,0.0,0.0,0.0,0.0,0.0,-92.0,0.0
606227156590,1.0,0.0,0.0,0.0,0.0,0.0,-93.0,0.0,0.0,0.0
606337116798,1.0,0.0,-76.0,0.0,0.0,0.0,0.0,0.0,0.0,0.0
609553458047,1.0,0.0,-87.0,0.0,0.0,0.0,0.0,0.0,0.0,0.0
609697164245,1.0,0.0,0.0,0.0,0.0,0.0,-84.0,0.0,0.0,0.0
609792499193,1.0,0.0,0.0,-90.0,0.0,0.0,0.0,0.0,0.0,0.0
610110270911,1.0,0.0,-85.0,0.0,0.0,0.0,0.0,0.0,0.0,0.0
610195143047,1.0,0.0,0.0,0.0,0.0,0.0,-87.0,0.0,0.0,0.0
610365533099,1.0,0.0,0.0,0.0,0.0,0.0,-83.0,0.0,0.0,0.0
610525345338,1.0,0.0,0.0,0.0,0.0,0.0,-87.0,0.0,0.0,0.0
610621641953,1.0,0.0,0.0,0.0,0.0,0.0,0.0,0.0,-96.0,0.0
610692017109,1.0,0.0,0.0,0.0,0.0,0.0,-79.0,0.0,0.0,0.0
610854767161,1.0,0.0,0.0,0.0,0.0,0.0,-80.0,0.0,0.0,0.0
611013560494,1.0,0.0,0.0,0.0,0.0,0.0,-77.0,0.0,0.0,0.0
611205634557,1.0,0.0,-92.0,0.0,0.0,0.0,0.0,0.0,0.0,0.0
611346307630,1.0,0.0,0.0,0.0,0.0,0.0,-75.0,0.0,0.0,0.0
612120529348,1.0,0.0,-90.0,0.0,0.0,0.0,0.0,0.0,0.0,0.0
612327967108,1.0,0.0,0.0,0.0,0.0,0.0,-78.0,0.0,0.0,0.0
612610999869,1.0,0.0,0.0,0.0,0.0,0.0,0.0,0.0,0.0,-77.0
614254850233,1.0,0.0,0.0,0.0,0.0,0.0,0.0,0.0,0.0,-87.0
614482289660,1.0,0.0,0.0,0.0,0.0,0.0,-81.0,0.0,0.0,0.0
614651880753,1.0,0.0,0.0,0.0,0.0,0.0,-76.0,0.0,0.0,0.0
614820839920,1.0,0.0,0.0,0.0,0.0,-97.0,0.0,0.0,0.0,0.0
614828991014,1.0,0.0,0.0,0.0,0.0,0.0,-76.0,0.0,0.0,0.0
615016540649,1.0,0.0,0.0,0.0,0.0,0.0,0.0,0.0,-95.0,0.0
615153859399,1.0,0.0,0.0,0.0,0.0,0.0,-67.0,0.0,0.0,0.0
615314263097,1.0,0.0,0.0,0.0,0.0,0.0,-77.0,0.0,0.0,0.0
615320565857,1.0,0.0,0.0,-90.0,0.0,0.0,0.0,0.0,0.0,0.0
615637517003,1.0,0.0,0.0,0.0,0.0,0.0,-71.0,0.0,0.0,0.0
615922962576,1.0,0.0,0.0,0.0,0.0,0.0,0.0,0.0,0.0,-84.0
616138568878,1.0,0.0,0.0,0.0,0.0,0.0,-59.0,0.0,0.0,0.0
616176119451,1.0,0.0,0.0,0.0,0.0,-98.0,0.0,0.0,0.0,0.0
616308465440,1.0,0.0,0.0,0.0,0.0,0.0,-60.0,0.0,0.0,0.0
616389835180,1.0,0.0,0.0,0.0,0.0,-97.0,0.0,0.0,0.0,0.0
619776269241,1.0,0.0,0.0,0.0,0.0,0.0,-76.0,0.0,0.0,0.0
619854091220,1.0,0.0,0.0,0.0,0.0,-98.0,0.0,0.0,0.0,0.0
620108569241,1.0,0.0,0.0,0.0,0.0,0.0,-79.0,0.0,0.0,0.0
620267608824,1.0,0.0,0.0,0.0,0.0,0.0,-74.0,0.0,0.0,0.0
620289131480,1.0,0.0,0.0,-92.0,0.0,0.0,0.0,0.0,0.0,0.0
620322022105,1.0,0.0,0.0,0.0,0.0,0.0,0.0,0.0,0.0,-85.0
620429318980,1.0,0.0,0.0,0.0,0.0,0.0,-77.0,0.0,0.0,0.0
620771414970,1.0,0.0,0.0,0.0,0.0,0.0,-86.0,0.0,0.0,0.0
620787239293,1.0,0.0,0.0,0.0,0.0,-103.0,0.0,0.0,0.0,0.0
620868582313,1.0,0.0,0.0,0.0,0.0,0.0,0.0,0.0,0.0,-71.0
620935323511,1.0,0.0,0.0,0.0,0.0,0.0,-76.0,0.0,0.0,0.0
621103963095,1.0,0.0,0.0,0.0,0.0,0.0,-74.0,0.0,0.0,0.0
621598859397,1.0,0.0,0.0,0.0,0.0,0.0,-91.0,0.0,0.0,0.0
621636173772,1.0,0.0,0.0,0.0,0.0,0.0,0.0,0.0,-82.0,0.0
621913744188,1.0,0.0,0.0,0.0,0.0,0.0,-71.0,0.0,0.0,0.0
621935820073,1.0,0.0,0.0,0.0,0.0,-99.0,0.0,0.0,0.0,0.0
622413862677,1.0,0.0,0.0,0.0,0.0,0.0,-77.0,0.0,0.0,0.0
622523627313,1.0,0.0,0.0,0.0,0.0,0.0,0.0,0.0,0.0,-75.0
623030164396,1.0,0.0,0.0,-95.0,0.0,0.0,0.0,0.0,0.0,0.0
623064615281,1.0,0.0,0.0,0.0,0.0,0.0,-74.0,0.0,0.0,0.0
623075174292,1.0,0.0,0.0,0.0,0.0,0.0,0.0,0.0,0.0,-72.0
624205822000,1.0,0.0,0.0,0.0,0.0,0.0,-78.0,0.0,0.0,0.0
624376229239,1.0,0.0,0.0,0.0,0.0,0.0,-72.0,0.0,0.0,0.0
624542560125,1.0,0.0,0.0,0.0,0.0,0.0,-81.0,0.0,0.0,0.0
624711693041,1.0,0.0,0.0,0.0,0.0,0.0,-79.0,0.0,0.0,0.0
624724827260,1.0,0.0,0.0,0.0,0.0,0.0,0.0,0.0,0.0,-74.0
624874110385,1.0,0.0,0.0,0.0,0.0,0.0,-70.0,0.0,0.0,0.0
624936139708,1.0,0.0,0.0,0.0,0.0,0.0,0.0,0.0,-84.0,0.0
625039720749,1.0,0.0,0.0,0.0,0.0,0.0,-84.0,0.0,0.0,0.0
625368139447,1.0,0.0,0.0,0.0,0.0,0.0,-74.0,0.0,0.0,0.0
625527426374,1.0,0.0,0.0,0.0,0.0,0.0,-70.0,0.0,0.0,0.0
625793468457,1.0,0.0,0.0,-92.0,0.0,0.0,0.0,0.0,0.0,0.0
625861957051,1.0,0.0,0.0,0.0,0.0,0.0,-70.0,0.0,0.0,0.0
626019976322,1.0,0.0,0.0,0.0,0.0,0.0,-72.0,0.0,0.0,0.0
626042966218,1.0,0.0,0.0,0.0,0.0,0.0,0.0,0.0,-86.0,0.0
626597222103,1.0,0.0,0.0,0.0,0.0,-99.0,0.0,0.0,0.0,0.0
626901740228,1.0,0.0,0.0,-87.0,0.0,0.0,0.0,0.0,0.0,0.0
626909174395,1.0,0.0,0.0,0.0,0.0,-103.0,0.0,0.0,0.0,0.0
626924207988,1.0,0.0,0.0,0.0,0.0,0.0,0.0,0.0,0.0,-76.0
628309735748,1.0,0.0,0.0,0.0,0.0,0.0,-74.0,0.0,0.0,0.0
628474211998,1.0,0.0,0.0,0.0,0.0,0.0,-63.0,0.0,0.0,0.0
628589980071,1.0,0.0,0.0,0.0,0.0,0.0,0.0,0.0,0.0,-71.0
628643146113,1.0,0.0,0.0,0.0,0.0,0.0,-66.0,0.0,0.0,0.0
628684804550,1.0,0.0,0.0,0.0,0.0,-96.0,0.0,0.0,0.0,0.0
628977187362,1.0,0.0,0.0,0.0,0.0,0.0,-73.0,0.0,0.0,0.0
629135792362,1.0,0.0,0.0,0.0,0.0,0.0,-68.0,0.0,0.0,0.0
629143637414,1.0,0.0,0.0,0.0,0.0,0.0,0.0,0.0,0.0,-88.0
629478788404,1.0,0.0,0.0,0.0,0.0,0.0,-85.0,0.0,0.0,0.0
629631725748,1.0,0.0,0.0,0.0,0.0,0.0,-80.0,0.0,0.0,0.0
629638435852,1.0,0.0,0.0,-87.0,0.0,0.0,0.0,0.0,0.0,0.0
629698219862,1.0,0.0,0.0,0.0,0.0,0.0,0.0,0.0,0.0,-77.0
629804367206,1.0,0.0,0.0,0.0,0.0,0.0,-78.0,0.0,0.0,0.0
629896210852,1.0,0.0,0.0,0.0,0.0,0.0,0.0,0.0,-89.0,0.0
629976679081,1.0,0.0,0.0,0.0,0.0,0.0,-73.0,0.0,0.0,0.0
630195592154,1.0,0.0,0.0,-90.0,0.0,0.0,0.0,0.0,0.0,0.0
630251194706,1.0,0.0,0.0,0.0,0.0,0.0,0.0,0.0,0.0,-80.0
630298075174,1.0,0.0,0.0,0.0,0.0,0.0,-72.0,0.0,0.0,0.0
630357981633,1.0,0.0,0.0,0.0,0.0,-100.0,0.0,0.0,0.0,0.0
630478808195,1.0,0.0,0.0,0.0,0.0,0.0,-68.0,0.0,0.0,0.0
630803137362,1.0,0.0,0.0,0.0,0.0,0.0,0.0,0.0,0.0,-81.0
630998374185,1.0,0.0,0.0,0.0,0.0,0.0,0.0,0.0,-90.0,0.0
631076918403,1.0,0.0,0.0,0.0,0.0,-98.0,0.0,0.0,0.0,0.0
631303709653,1.0,0.0,0.0,0.0,0.0,0.0,-80.0,0.0,0.0,0.0
631540799445,1.0,0.0,0.0,0.0,0.0,-97.0,0.0,0.0,0.0,0.0
631544603039,1.0,0.0,0.0,0.0,0.0,0.0,0.0,0.0,-88.0,0.0
631902225434,1.0,0.0,0.0,0.0,0.0,0.0,0.0,0.0,0.0,-72.0
631928631841,1.0,0.0,0.0,0.0,0.0,-97.0,0.0,0.0,0.0,0.0
631960880434,1.0,0.0,0.0,0.0,0.0,0.0,-77.0,0.0,0.0,0.0
634765790225,1.0,0.0,0.0,0.0,0.0,0.0,-68.0,0.0,0.0,0.0
634849694600,1.0,0.0,0.0,0.0,0.0,0.0,0.0,0.0,-99.0,0.0
634926879183,1.0,0.0,0.0,0.0,0.0,0.0,-74.0,0.0,0.0,0.0
635193995798,1.0,0.0,0.0,0.0,0.0,0.0,0.0,0.0,0.0,-71.0
635504854027,1.0,0.0,0.0,0.0,0.0,-101.0,0.0,0.0,0.0,0.0
635573100954,1.0,0.0,0.0,0.0,0.0,0.0,-72.0,0.0,0.0,0.0
635751609079,1.0,0.0,0.0,0.0,0.0,0.0,0.0,0.0,0.0,-75.0
636305216110,1.0,0.0,0.0,0.0,0.0,0.0,0.0,0.0,0.0,-69.0
636406378662,1.0,0.0,0.0,0.0,0.0,0.0,-79.0,0.0,0.0,0.0
636908104651,1.0,0.0,0.0,0.0,0.0,0.0,-72.0,0.0,0.0,0.0
637056270432,1.0,0.0,0.0,0.0,0.0,0.0,0.0,0.0,-90.0,0.0
639596979233,1.0,0.0,0.0,0.0,0.0,0.0,0.0,0.0,0.0,-59.0
640422152931,1.0,0.0,0.0,0.0,0.0,-95.0,0.0,0.0,0.0,0.0
641222306368,1.0,0.0,0.0,0.0,0.0,-99.0,0.0,0.0,0.0,0.0
641230470691,1.0,0.0,0.0,-89.0,0.0,0.0,0.0,0.0,0.0,0.0
641237610118,1.0,0.0,0.0,0.0,0.0,0.0,0.0,0.0,0.0,-78.0
641345077879,1.0,0.0,0.0,0.0,0.0,-100.0,0.0,0.0,0.0,0.0
641514183972,1.0,0.0,0.0,0.0,0.0,0.0,-80.0,0.0,0.0,0.0
641768082358,1.0,0.0,0.0,0.0,0.0,-101.0,0.0,0.0,0.0,0.0
641841269024,1.0,0.0,0.0,0.0,0.0,0.0,-78.0,0.0,0.0,0.0
642161122253,1.0,0.0,0.0,0.0,0.0,0.0,-81.0,0.0,0.0,0.0
642513776680,1.0,0.0,0.0,0.0,0.0,0.0,-76.0,0.0,0.0,0.0
642607673920,1.0,0.0,0.0,0.0,0.0,-98.0,0.0,0.0,0.0,0.0
642647861680,1.0,0.0,0.0,0.0,0.0,0.0,-77.0,0.0,0.0,0.0
642901165274,1.0,0.0,0.0,0.0,0.0,0.0,0.0,0.0,0.0,-77.0
642978308243,1.0,0.0,0.0,0.0,0.0,0.0,-78.0,0.0,0.0,0.0
643424503294,1.0,0.0,0.0,-95.0,0.0,0.0,0.0,0.0,0.0,0.0
643448391576,1.0,0.0,0.0,0.0,0.0,0.0,0.0,0.0,0.0,-65.0
643474958347,1.0,0.0,0.0,0.0,0.0,0.0,-74.0,0.0,0.0,0.0
643972177409,1.0,0.0,0.0,0.0,0.0,0.0,-79.0,0.0,0.0,0.0
644129826680,1.0,0.0,0.0,0.0,0.0,-96.0,0.0,0.0,0.0,0.0
644295645794,1.0,0.0,0.0,0.0,0.0,-101.0,0.0,0.0,0.0,0.0
644298238763,1.0,0.0,0.0,0.0,0.0,0.0,-74.0,0.0,0.0,0.0
644519363919,1.0,0.0,0.0,-87.0,0.0,0.0,0.0,0.0,0.0,0.0
644548905690,1.0,0.0,0.0,0.0,0.0,0.0,0.0,0.0,0.0,-68.0
644625863398,1.0,0.0,0.0,0.0,0.0,0.0,-80.0,0.0,0.0,0.0
644793598034,1.0,0.0,0.0,0.0,0.0,0.0,-79.0,0.0,0.0,0.0
644941075794,1.0,0.0,0.0,0.0,0.0,-97.0,0.0,0.0,0.0,0.0
644964936523,1.0,0.0,0.0,0.0,0.0,0.0,-78.0,0.0,0.0,0.0
645097546106,1.0,0.0,0.0,0.0,0.0,0.0,0.0,0.0,0.0,-75.0
645778763241,1.0,0.0,0.0,0.0,0.0,-93.0,0.0,0.0,0.0,0.0
645786746262,1.0,0.0,0.0,0.0,0.0,0.0,-84.0,0.0,0.0,0.0
646194376679,1.0,0.0,0.0,0.0,0.0,-97.0,0.0,0.0,0.0,0.0
646277870429,1.0,0.0,0.0,0.0,0.0,-91.0,0.0,0.0,0.0,0.0
646446290897,1.0,0.0,0.0,0.0,0.0,-95.0,0.0,0.0,0.0,0.0
646454249179,1.0,0.0,0.0,0.0,0.0,0.0,-71.0,0.0,0.0,0.0
646609291158,1.0,0.0,0.0,0.0,0.0,0.0,-96.0,0.0,0.0,0.0
646715926314,1.0,0.0,0.0,-90.0,0.0,0.0,0.0,0.0,0.0,0.0
646753207668,1.0,0.0,0.0,0.0,0.0,0.0,0.0,0.0,0.0,-78.0
646831360897,1.0,0.0,0.0,0.0,0.0,-97.0,0.0,0.0,0.0,0.0
646945717147,1.0,0.0,0.0,0.0,0.0,0.0,-74.0,0.0,0.0,0.0
647011456679,1.0,0.0,0.0,0.0,0.0,0.0,0.0,0.0,-80.0,0.0
647104807824,1.0,0.0,0.0,0.0,0.0,0.0,-73.0,0.0,0.0,0.0
647273207876,1.0,0.0,0.0,-88.0,0.0,0.0,0.0,0.0,0.0,0.0
647275808293,1.0,0.0,0.0,0.0,0.0,0.0,-72.0,0.0,0.0,0.0
647305847408,1.0,0.0,0.0,0.0,0.0,0.0,0.0,0.0,0.0,-74.0
647358382564,1.0,0.0,0.0,0.0,0.0,-96.0,0.0,0.0,0.0,0.0
648760516313,1.0,0.0,0.0,0.0,0.0,0.0,-86.0,0.0,0.0,0.0
648823055115,1.0,0.0,0.0,0.0,0.0,-92.0,0.0,0.0,0.0,0.0
648929258292,1.0,0.0,0.0,-86.0,0.0,0.0,0.0,0.0,0.0,0.0
648934794647,1.0,0.0,0.0,0.0,0.0,0.0,-78.0,0.0,0.0,0.0
648937588188,1.0,0.0,0.0,0.0,0.0,-94.0,0.0,0.0,0.0,0.0
648953993605,1.0,0.0,0.0,0.0,0.0,0.0,0.0,0.0,0.0,-74.0
649193761678,1.0,0.0,0.0,0.0,0.0,0.0,0.0,0.0,-87.0,0.0
649249433136,1.0,0.0,0.0,0.0,0.0,-87.0,0.0,0.0,0.0,0.0
649258711886,1.0,0.0,0.0,0.0,0.0,0.0,-78.0,0.0,0.0,0.0
649353544334,1.0,0.0,0.0,0.0,0.0,-96.0,0.0,0.0,0.0,0.0
649428973917,1.0,0.0,0.0,0.0,0.0,0.0,-84.0,0.0,0.0,0.0
649462956521,1.0,0.0,0.0,0.0,0.0,-90.0,0.0,0.0,0.0,0.0
649474923969,1.0,0.0,0.0,-81.0,0.0,0.0,0.0,0.0,0.0,0.0
649512497928,1.0,0.0,0.0,0.0,0.0,0.0,0.0,0.0,0.0,-76.0
649588419178,1.0,0.0,0.0,0.0,0.0,0.0,-81.0,0.0,0.0,0.0
649671390792,1.0,0.0,0.0,0.0,0.0,-92.0,0.0,0.0,0.0,0.0
649750335480,1.0,0.0,0.0,0.0,0.0,0.0,-84.0,0.0,0.0,0.0
649917534021,1.0,0.0,0.0,0.0,0.0,0.0,-92.0,0.0,0.0,0.0
650081630792,1.0,0.0,0.0,0.0,0.0,0.0,-84.0,0.0,0.0,0.0
650301240323,1.0,0.0,0.0,0.0,0.0,0.0,0.0,0.0,-83.0,0.0
650308329021,1.0,0.0,0.0,0.0,0.0,-91.0,0.0,0.0,0.0,0.0
650612978813,1.0,0.0,0.0,0.0,0.0,0.0,0.0,0.0,0.0,-78.0
650724608969,1.0,0.0,0.0,0.0,0.0,-93.0,0.0,0.0,0.0,0.0
650735348656,1.0,0.0,0.0,0.0,0.0,0.0,-88.0,0.0,0.0,0.0
650848973917,1.0,0.0,0.0,0.0,0.0,0.0,0.0,0.0,-86.0,0.0
650902419542,1.0,0.0,0.0,0.0,0.0,0.0,-90.0,0.0,0.0,0.0
650924820687,1.0,0.0,0.0,0.0,0.0,-98.0,0.0,0.0,0.0,0.0
651048833917,1.0,0.0,0.0,0.0,0.0,-96.0,0.0,0.0,0.0,0.0
651411675479,1.0,0.0,0.0,0.0,0.0,0.0,-88.0,0.0,0.0,0.0
651663932041,1.0,0.0,0.0,-77.0,0.0,0.0,0.0,0.0,0.0,0.0
652069525999,1.0,0.0,0.0,0.0,0.0,-93.0,0.0,0.0,0.0,0.0
652073484489,1.0,0.0,0.0,0.0,0.0,0.0,-92.0,0.0,0.0,0.0
652178114645,1.0,0.0,0.0,0.0,0.0,-90.0,0.0,0.0,0.0,0.0
652227389645,1.0,0.0,0.0,-75.0,0.0,0.0,0.0,0.0,0.0,0.0
652232934749,1.0,0.0,0.0,0.0,0.0,0.0,-88.0,0.0,0.0,0.0
652264066364,1.0,0.0,0.0,0.0,0.0,0.0,0.0,0.0,0.0,-81.0
652275313031,1.0,0.0,0.0,0.0,0.0,-95.0,0.0,0.0,0.0,0.0
652390287041,1.0,0.0,0.0,0.0,0.0,-90.0,0.0,0.0,0.0,0.0
652401153447,1.0,0.0,0.0,0.0,0.0,0.0,-93.0,0.0,0.0,0.0
652490768499,1.0,0.0,0.0,0.0,0.0,-91.0,0.0,0.0,0.0,0.0
654699004592,1.0,0.0,0.0,0.0,0.0,0.0,0.0,0.0,-78.0,0.0
654715480113,1.0,0.0,0.0,0.0,0.0,0.0,-87.0,0.0,0.0,0.0
654799063290,1.0,0.0,0.0,0.0,0.0,-89.0,0.0,0.0,0.0,0.0
655028191103,1.0,0.0,0.0,0.0,0.0,-96.0,0.0,0.0,0.0,0.0
655032612978,1.0,0.0,0.0,0.0,0.0,-92.0,0.0,0.0,0.0,0.0
655035286519,1.0,0.0,0.0,0.0,0.0,0.0,0.0,0.0,0.0,-86.0
655216769071,1.0,0.0,0.0,0.0,0.0,0.0,-87.0,0.0,0.0,0.0
655230657300,1.0,0.0,0.0,0.0,0.0,-95.0,0.0,0.0,0.0,0.0
655240792196,1.0,0.0,0.0,0.0,0.0,0.0,0.0,0.0,-72.0,0.0
655330708082,1.0,0.0,0.0,0.0,0.0,-90.0,0.0,0.0,0.0,0.0
655526959696,1.0,0.0,0.0,-74.0,0.0,0.0,0.0,0.0,0.0,0.0
655546779748,1.0,0.0,0.0,0.0,0.0,0.0,-86.0,0.0,0.0,0.0
655551165946,1.0,0.0,0.0,0.0,0.0,-96.0,0.0,0.0,0.0,0.0
655715773186,1.0,0.0,0.0,0.0,0.0,0.0,-87.0,0.0,0.0,0.0
655757876831,1.0,0.0,0.0,0.0,0.0,-95.0,0.0,0.0,0.0,0.0
655793003863,1.0,0.0,0.0,0.0,0.0,0.0,0.0,0.0,-72.0,0.0
655866189800,1.0,0.0,0.0,0.0,0.0,-88.0,0.0,0.0,0.0,0.0
655972465165,1.0,0.0,0.0,0.0,0.0,-92.0,0.0,0.0,0.0,0.0
656034722613,1.0,0.0,0.0,0.0,0.0,0.0,-86.0,0.0,0.0,0.0
656348209800,1.0,0.0,0.0,0.0,0.0,-90.0,0.0,0.0,0.0,0.0
656359178185,1.0,0.0,0.0,0.0,0.0,0.0,-85.0,0.0,0.0,0.0
656704719800,1.0,0.0,0.0,0.0,0.0,-94.0,0.0,0.0,0.0,0.0
656866715529,1.0,0.0,0.0,0.0,0.0,-90.0,0.0,0.0,0.0,0.0
656875391154,1.0,0.0,0.0,0.0,0.0,0.0,-90.0,0.0,0.0,0.0
657027320633,1.0,0.0,0.0,0.0,0.0,-92.0,0.0,0.0,0.0,0.0
657035545998,1.0,0.0,0.0,0.0,0.0,0.0,-95.0,0.0,0.0,0.0
657126023706,1.0,0.0,0.0,0.0,0.0,-90.0,0.0,0.0,0.0,0.0
657165297508,1.0,0.0,0.0,-81.0,0.0,0.0,0.0,0.0,0.0,0.0
657338212352,1.0,0.0,0.0,0.0,0.0,-94.0,0.0,0.0,0.0,0.0
657355995477,1.0,0.0,0.0,0.0,0.0,-92.0,0.0,0.0,0.0,0.0
657359420425,1.0,0.0,0.0,0.0,0.0,0.0,-95.0,0.0,0.0,0.0
657444857195,1.0,0.0,0.0,0.0,0.0,0.0,0.0,0.0,-74.0,0.0
657448837091,1.0,0.0,0.0,0.0,0.0,-88.0,0.0,0.0,0.0,0.0
